Order_ID,Order_Date,Customer_ID,Customer_Name,Segment,Country,State,City,Region,Sales_Channel,Product_ID,Category,Subcategory,Product_Name,Quantity,Unit_Price_INR,Discount_Percent,Gross_Sales_INR,Discount_Amount_INR,Net_Sales_INR,Unit_Cost_INR,Total_Cost_INR,Profit_INR,Payment_Method,Order_Status,Sales_Representative
ORD-000328,2024-01-01,CUS-0276,Nikhil Rao,Consumer,India,Karnataka,Mysuru,South,Corporate Sales,SOFT-401,Software,Productivity,OfficeSuite Annual License,3,8178.15,0,24534.45,0.00,24534.45,2232.26,6696.78,17837.67,Debit Card,Shipped,Ritu Sharma
ORD-000492,2024-01-03,CUS-0287,Saanvi Jain,Consumer,India,Chhattisgarh,Raipur,Central,Marketplace,OFFC-302,Office Supplies,Writing,Premium Pen Pack,5,484.19,0,2420.95,0.00,2420.95,206.49,1032.45,1388.50,Cash on Delivery,Delivered,Maya Shah
ORD-000914,2024-01-03,CUS-0291,Ishaan Nair,Consumer,India,Uttar Pradesh,Noida,North,Online Store,ELEC-103,Electronics,Audio,Pulse Wireless Headphones,2,6071.75,5,12143.50,607.17,11536.33,3367.85,6735.70,4800.63,Wallet,Delivered,Dev Patel
ORD-000672,2024-01-04,CUS-0025,Nikhil Desai,Enterprise,India,Odisha,Bhubaneswar,East,Corporate Sales,OFFC-301,Office Supplies,Paper,A4 Copy Paper Box,17,1923.97,10,32707.49,3270.75,29436.74,1063.02,18071.34,11365.40,Debit Card,Delivered,Karan Singh
ORD-000947,2024-01-04,CUS-0023,Meera Verma,Consumer,India,Punjab,Chandigarh,North,Online Store,SOFT-403,Software,Design,DesignFlow Annual License,5,15040.74,0,75203.70,0.00,75203.70,4308.33,21541.65,53662.05,Bank Transfer,Delivered,Maya Shah
ORD-000214,2024-01-05,CUS-0095,Nikhil Patel,Small Business,India,Telangana,Hyderabad,South,Corporate Sales,SOFT-403,Software,Design,DesignFlow Annual License,7,14588.12,10,102116.84,10211.68,91905.16,4157.07,29099.49,62805.67,Wallet,Returned,Anjali Mehta
ORD-000848,2024-01-06,CUS-0248,Aditi Sharma,Small Business,India,Telangana,Hyderabad,South,Corporate Sales,OFFC-304,Office Supplies,Notebooks,Executive Notebook Set,5,854.15,10,4270.75,427.08,3843.67,394.43,1972.15,1871.52,Debit Card,Delivered,Maya Shah
ORD-001209,2024-01-06,CUS-0170,Zoya Jain,Consumer,India,Punjab,Chandigarh,North,Marketplace,OFFC-303,Office Supplies,Organization,Desktop Organizer,4,1256.77,0,5027.08,0.00,5027.08,628.12,2512.48,2514.60,Bank Transfer,Returned,Maya Shah
ORD-000446,2024-01-07,CUS-0021,Saanvi Desai,Consumer,India,Tamil Nadu,Chennai,South,Marketplace,OFFC-303,Office Supplies,Organization,Desktop Organizer,6,1298.51,5,7791.06,389.55,7401.51,628.18,3769.08,0.00,Cash on Delivery,Cancelled,Dev Patel
ORD-000027,2024-01-09,CUS-0310,Diya Agarwal,Consumer,India,Tamil Nadu,Chennai,South,Online Store,FURN-204,Furniture,Tables,Metro Conference Table,3,39038.74,0,117116.22,0.00,117116.22,27540.11,82620.33,34495.89,Cash on Delivery,Delivered,Anjali Mehta
ORD-000151,2024-01-09,CUS-0141,Arjun Desai,Consumer,India,Telangana,Hyderabad,South,Corporate Sales,APPL-502,Appliances,Climate,PureAir Room Purifier,5,16262.52,10,81312.60,8131.26,73181.34,10268.48,51342.40,21838.94,Bank Transfer,Delivered,Neil Gupta
ORD-000320,2024-01-09,CUS-0018,Rohan Nair,Consumer,India,Karnataka,Bengaluru,South,Marketplace,SOFT-401,Software,Productivity,OfficeSuite Annual License,2,7881.14,10,15762.28,1576.23,14186.05,2241.66,4483.32,9702.73,Cash on Delivery,Delivered,Ritu Sharma
ORD-000855,2024-01-10,CUS-0102,Meera Sharma,Consumer,India,Telangana,Hyderabad,South,Marketplace,ELEC-102,Electronics,Smartphones,Nova X5 Smartphone,3,34993.23,15,104979.69,15746.95,89232.74,24323.26,72969.78,16262.96,Bank Transfer,Delivered,Ritu Sharma
ORD-001046,2024-01-10,CUS-0103,Ishaan Shah,Consumer,India,Telangana,Hyderabad,South,Marketplace,ELEC-105,Electronics,Monitors,Vision 27-inch Monitor,2,23212.16,5,46424.32,2321.22,44103.10,15139.91,30279.82,0.00,Cash on Delivery,Cancelled,Anjali Mehta
ORD-000790,2024-01-12,CUS-0008,Meera Jain,Enterprise,India,Maharashtra,Mumbai,West,Corporate Sales,ELEC-101,Electronics,Laptops,ApexBook 14 Laptop,4,69365.48,15,277461.92,41619.29,235842.63,52536.11,210144.44,25698.19,Cash on Delivery,Delivered,Karan Singh
ORD-000128,2024-01-13,CUS-0002,Akash Jain,Enterprise,India,Maharashtra,Mumbai,West,Corporate Sales,OFFC-304,Office Supplies,Notebooks,Executive Notebook Set,15,930.58,15,13958.70,2093.80,11864.90,381.68,5725.20,6139.70,Cash on Delivery,Delivered,Neil Gupta
ORD-000208,2024-01-13,CUS-0104,Riya Verma,Consumer,India,Uttar Pradesh,Noida,North,Online Store,FURN-202,Furniture,Desks,Oak Standing Desk,4,29301.91,15,117207.64,17581.15,99626.49,18544.50,74178.00,25448.49,Wallet,Delivered,Samar Joshi
ORD-000243,2024-01-13,CUS-0228,Neha Verma,Small Business,India,Tamil Nadu,Chennai,South,Online Store,FURN-202,Furniture,Desks,Oak Standing Desk,2,28427.79,0,56855.58,0.00,56855.58,19185.66,38371.32,18484.26,Bank Transfer,Delivered,Karan Singh
ORD-000314,2024-01-13,CUS-0088,Ishaan Nair,Consumer,India,Odisha,Bhubaneswar,East,Corporate Sales,SOFT-401,Software,Productivity,OfficeSuite Annual License,5,8469.43,15,42347.15,6352.07,35995.08,2223.55,11117.75,24877.33,Cash on Delivery,Delivered,Anjali Mehta
ORD-000764,2024-01-13,CUS-0232,Akash Iyer,Consumer,India,Punjab,Chandigarh,North,Retail Store,SOFT-402,Software,Security,SecurePro Endpoint License,2,4791.21,10,9582.42,958.24,8624.18,1432.22,2864.44,5759.74,Cash on Delivery,Delivered,Ritu Sharma
ORD-001014,2024-01-13,CUS-0033,Diya Sharma,Small Business,India,Tamil Nadu,Chennai,South,Online Store,SOFT-401,Software,Productivity,OfficeSuite Annual License,3,8367.00,5,25101.00,1255.05,23845.95,2230.50,6691.50,17154.45,Debit Card,Delivered,Ritu Sharma
ORD-001207,2024-01-13,CUS-0004,Kavya Agarwal,Small Business,India,Delhi,New Delhi,North,Online Store,ELEC-103,Electronics,Audio,Pulse Wireless Headphones,7,6217.84,0,43524.88,0.00,43524.88,3276.73,22937.11,20587.77,Cash on Delivery,Returned,Dev Patel
ORD-000797,2024-01-15,CUS-0077,Arjun Sharma,Small Business,India,Gujarat,Ahmedabad,West,Corporate Sales,SOFT-403,Software,Design,DesignFlow Annual License,1,15374.54,25,15374.54,3843.64,11530.90,4269.89,4269.89,7261.01,Bank Transfer,Returned,Maya Shah
ORD-001223,2024-01-16,CUS-0214,Ananya Nair,Consumer,India,Maharashtra,Mumbai,West,Retail Store,ELEC-102,Electronics,Smartphones,Nova X5 Smartphone,1,36120.59,5,36120.59,1806.03,34314.56,25486.19,25486.19,8828.37,UPI,Delivered,Anjali Mehta
ORD-000856,2024-01-20,CUS-0193,Ananya Verma,Enterprise,India,Delhi,New Delhi,North,Corporate Sales,SOFT-402,Software,Security,SecurePro Endpoint License,11,5183.72,10,57020.92,5702.09,51318.83,1364.57,15010.27,0.00,Wallet,Cancelled,Ritu Sharma
ORD-000436,2024-01-21,CUS-0200,Aisha Kapoor,Consumer,India,Uttar Pradesh,Noida,North,Marketplace,OFFC-301,Office Supplies,Paper,A4 Copy Paper Box,5,1932.65,0,9663.25,0.00,9663.25,1068.89,5344.45,4318.80,Credit Card,Delivered,Karan Singh
ORD-000708,2024-01-21,CUS-0268,Kavya Kapoor,Small Business,India,Karnataka,Mysuru,South,Marketplace,SOFT-402,Software,Security,SecurePro Endpoint License,7,4909.91,15,34369.37,5155.41,29213.96,1422.66,9958.62,19255.34,UPI,Delivered,Anjali Mehta
ORD-000352,2024-01-22,CUS-0279,Meera Nair,Enterprise,India,Maharashtra,Pune,West,Corporate Sales,ELEC-104,Electronics,Accessories,65W USB-C Charger,12,2559.34,10,30712.08,3071.21,27640.87,1168.42,14021.04,13619.83,Bank Transfer,Delivered,Anjali Mehta
ORD-000712,2024-01-22,CUS-0037,Diya Agarwal,Consumer,India,Tamil Nadu,Chennai,South,Corporate Sales,ELEC-105,Electronics,Monitors,Vision 27-inch Monitor,5,21646.31,20,108231.55,21646.31,86585.24,15532.16,77660.80,8924.44,Debit Card,Shipped,Samar Joshi
ORD-001047,2024-01-22,CUS-0232,Akash Iyer,Consumer,India,Maharashtra,Mumbai,West,Marketplace,OFFC-301,Office Supplies,Paper,A4 Copy Paper Box,5,1899.75,5,9498.75,474.94,9023.81,1055.94,5279.70,3744.11,Bank Transfer,Delivered,Maya Shah
ORD-001083,2024-01-22,CUS-0095,Nikhil Patel,Small Business,India,Telangana,Hyderabad,South,Online Store,ELEC-101,Electronics,Laptops,ApexBook 14 Laptop,3,70451.24,0,211353.72,0.00,211353.72,53729.85,161189.55,50164.17,Wallet,Delivered,Neil Gupta
ORD-000399,2024-01-23,CUS-0136,Nikhil Patel,Consumer,India,Karnataka,Mysuru,South,Corporate Sales,APPL-501,Appliances,Kitchen,BrewMaster Coffee Machine,7,11334.93,5,79344.51,3967.23,75377.28,7296.55,51075.85,24301.43,Credit Card,Delivered,Karan Singh
ORD-001019,2024-01-23,CUS-0183,Saanvi Sharma,Small Business,India,Karnataka,Bengaluru,South,Online Store,ELEC-101,Electronics,Laptops,ApexBook 14 Laptop,1,74994.70,15,74994.70,11249.21,63745.49,53513.91,53513.91,10231.58,Debit Card,Delivered,Ira Nair
ORD-000699,2024-01-24,CUS-0265,Rahul Agarwal,Consumer,India,Madhya Pradesh,Indore,Central,Online Store,ELEC-103,Electronics,Audio,Pulse Wireless Headphones,3,6283.12,5,18849.36,942.47,17906.89,3214.44,9643.32,8263.57,Cash on Delivery,Delivered,Ritu Sharma
ORD-001130,2024-01-25,CUS-0008,Meera Jain,Enterprise,India,Rajasthan,Jaipur,North,Corporate Sales,SOFT-402,Software,Security,SecurePro Endpoint License,11,4997.07,10,54967.77,5496.78,49470.99,1413.59,15549.49,33921.50,Wallet,Delivered,Anjali Mehta
ORD-001163,2024-01-25,CUS-0137,Aditi Nair,Small Business,India,Chhattisgarh,Raipur,Central,Online Store,FURN-203,Furniture,Storage,Steel Filing Cabinet,5,9809.06,10,49045.30,4904.53,44140.77,5832.42,29162.10,14978.67,Bank Transfer,Delivered,Dev Patel
ORD-001215,2024-01-26,CUS-0116,Priya Agarwal,Consumer,India,Gujarat,Ahmedabad,West,Marketplace,FURN-203,Furniture,Storage,Steel Filing Cabinet,6,9737.58,15,58425.48,8763.82,49661.66,5628.58,33771.48,15890.18,Credit Card,Delivered,Karan Singh
ORD-000629,2024-01-27,CUS-0217,Meera Joshi,Consumer,India,West Bengal,Kolkata,East,Corporate Sales,SOFT-403,Software,Design,DesignFlow Annual License,2,15735.57,10,31471.14,3147.11,28324.03,4148.38,8296.76,20027.27,Debit Card,Delivered,Samar Joshi
ORD-000806,2024-01-27,CUS-0024,Akash Shah,Consumer,India,Chhattisgarh,Raipur,Central,Corporate Sales,ELEC-101,Electronics,Laptops,ApexBook 14 Laptop,2,75369.90,0,150739.80,0.00,150739.80,54061.18,108122.36,42617.44,Bank Transfer,Delivered,Samar Joshi
ORD-000857,2024-01-27,CUS-0207,Meera Mehta,Consumer,India,Tamil Nadu,Chennai,South,Retail Store,FURN-204,Furniture,Tables,Metro Conference Table,2,41262.87,0,82525.74,0.00,82525.74,27684.29,55368.58,27157.16,UPI,Processing,Neil Gupta
ORD-000781,2024-01-28,CUS-0089,Kabir Iyer,Consumer,India,Chhattisgarh,Raipur,Central,Online Store,FURN-202,Furniture,Desks,Oak Standing Desk,7,27910.76,0,195375.32,0.00,195375.32,18919.15,132434.05,62941.27,Wallet,Delivered,Samar Joshi
ORD-000437,2024-01-29,CUS-0214,Ananya Nair,Consumer,India,Gujarat,Ahmedabad,West,Retail Store,OFFC-303,Office Supplies,Organization,Desktop Organizer,5,1282.44,10,6412.20,641.22,5770.98,626.45,3132.25,2638.73,Debit Card,Delivered,Anjali Mehta
ORD-000688,2024-01-29,CUS-0302,Zoya Sharma,Enterprise,India,Rajasthan,Jaipur,North,Corporate Sales,SOFT-401,Software,Productivity,OfficeSuite Annual License,13,7991.28,10,103886.64,10388.66,93497.98,2181.76,28362.88,65135.10,Wallet,Delivered,Ira Nair
ORD-000859,2024-01-29,CUS-0315,Neha Patel,Consumer,India,Punjab,Chandigarh,North,Corporate Sales,APPL-501,Appliances,Kitchen,BrewMaster Coffee Machine,3,12084.20,5,36252.60,1812.63,34439.97,7272.66,21817.98,12621.99,Bank Transfer,Delivered,Dev Patel
ORD-000118,2024-01-30,CUS-0198,Nikhil Singh,Consumer,India,Karnataka,Bengaluru,South,Corporate Sales,SOFT-403,Software,Design,DesignFlow Annual License,5,14296.20,5,71481.00,3574.05,67906.95,4190.01,20950.05,46956.90,Debit Card,Delivered,Neil Gupta
ORD-001144,2024-01-30,CUS-0235,Riya Iyer,Consumer,India,Punjab,Chandigarh,North,Online Store,ELEC-101,Electronics,Laptops,ApexBook 14 Laptop,4,70396.81,15,281587.24,42238.09,239349.15,52452.62,209810.48,29538.67,Debit Card,Delivered,Dev Patel
ORD-000661,2024-02-01,CUS-0119,Priya Desai,Consumer,India,West Bengal,Kolkata,East,Marketplace,SOFT-403,Software,Design,DesignFlow Annual License,2,14321.25,5,28642.50,1432.13,27210.37,4093.85,8187.70,19022.67,UPI,Delivered,Ira Nair
ORD-000905,2024-02-01,CUS-0261,Saanvi Patel,Small Business,India,Gujarat,Ahmedabad,West,Marketplace,FURN-203,Furniture,Storage,Steel Filing Cabinet,5,9240.52,15,46202.60,6930.39,39272.21,5856.69,29283.45,9988.76,Wallet,Delivered,Ira Nair
ORD-001078,2024-02-02,CUS-0302,Zoya Sharma,Enterprise,India,Rajasthan,Jaipur,North,Corporate Sales,ELEC-105,Electronics,Monitors,Vision 27-inch Monitor,6,21082.86,0,126497.16,0.00,126497.16,15243.59,91461.54,35035.62,UPI,Delivered,Ira Nair
ORD-000390,2024-02-03,CUS-0102,Meera Sharma,Consumer,India,Maharashtra,Pune,West,Retail Store,OFFC-301,Office Supplies,Paper,A4 Copy Paper Box,6,1912.96,0,11477.76,0.00,11477.76,1092.42,6554.52,0.00,UPI,Cancelled,Ira Nair
ORD-000410,2024-02-03,CUS-0172,Aisha Jain,Enterprise,India,Gujarat,Surat,West,Corporate Sales,SOFT-403,Software,Design,DesignFlow Annual License,19,15254.03,15,289826.57,43473.99,246352.58,4319.17,82064.23,164288.35,Debit Card,Returned,Ritu Sharma
ORD-001022,2024-02-03,CUS-0223,Akash Kapoor,Consumer,India,Tamil Nadu,Chennai,South,Marketplace,OFFC-302,Office Supplies,Writing,Premium Pen Pack,1,469.20,5,469.20,23.46,445.74,212.54,212.54,233.20,Bank Transfer,Processing,Anjali Mehta
ORD-000080,2024-02-04,CUS-0099,Saanvi Patel,Consumer,India,Karnataka,Mysuru,South,Retail Store,SOFT-402,Software,Security,SecurePro Endpoint License,5,5243.96,0,26219.80,0.00,26219.80,1393.26,6966.30,19253.50,Cash on Delivery,Delivered,Neil Gupta
ORD-000340,2024-02-04,CUS-0155,Kabir Shah,Enterprise,India,Tamil Nadu,Chennai,South,Marketplace,ELEC-103,Electronics,Audio,Pulse Wireless Headphones,4,6122.37,25,24489.48,6122.37,18367.11,3207.19,12828.76,5538.35,Debit Card,Delivered,Dev Patel
ORD-000028,2024-02-05,CUS-0041,Akash Patel,Small Business,India,Maharashtra,Pune,West,Online Store,SOFT-401,Software,Productivity,OfficeSuite Annual License,7,8016.48,0,56115.36,0.00,56115.36,2134.72,14943.04,41172.32,Credit Card,Delivered,Anjali Mehta
ORD-000744,2024-02-05,CUS-0056,Rahul Sharma,Small Business,India,Chhattisgarh,Raipur,Central,Online Store,FURN-204,Furniture,Tables,Metro Conference Table,2,39963.38,15,79926.76,11989.01,67937.75,27073.29,54146.58,13791.17,Wallet,Delivered,Ira Nair
ORD-001118,2024-02-05,CUS-0147,Diya Shah,Consumer,India,Madhya Pradesh,Indore,Central,Online Store,OFFC-302,Office Supplies,Writing,Premium Pen Pack,3,523.79,10,1571.37,157.14,1414.23,211.44,634.32,779.91,Wallet,Delivered,Maya Shah
ORD-001193,2024-02-05,CUS-0054,Riya Singh,Consumer,India,Maharashtra,Pune,West,Marketplace,ELEC-101,Electronics,Laptops,ApexBook 14 Laptop,4,74678.15,5,298712.60,14935.63,283776.97,54869.90,219479.60,64297.37,Credit Card,Shipped,Anjali Mehta
ORD-000357,2024-02-06,CUS-0244,Aisha Mehta,Small Business,India,Karnataka,Bengaluru,South,Online Store,OFFC-303,Office Supplies,Organization,Desktop Organizer,6,1242.19,5,7453.14,372.66,7080.48,610.87,3665.22,3415.26,Bank Transfer,Processing,Karan Singh
ORD-000574,2024-02-06,CUS-0159,Vikram Jain,Consumer,India,West Bengal,Kolkata,East,Online Store,FURN-203,Furniture,Storage,Steel Filing Cabinet,3,9422.21,0,28266.63,0.00,28266.63,5680.87,17042.61,11224.02,UPI,Delivered,Samar Joshi
ORD-000911,2024-02-07,CUS-0261,Saanvi Patel,Small Business,India,Uttar Pradesh,Noida,North,Retail Store,FURN-203,Furniture,Storage,Steel Filing Cabinet,4,9219.69,5,36878.76,1843.94,35034.82,5542.09,22168.36,12866.46,UPI,Delivered,Maya Shah
ORD-000134,2024-02-08,CUS-0140,Aditi Patel,Consumer,India,Tamil Nadu,Chennai,South,Retail Store,OFFC-301,Office Supplies,Paper,A4 Copy Paper Box,3,1896.85,10,5690.55,569.05,5121.50,1074.15,3222.45,1899.05,UPI,Delivered,Samar Joshi
ORD-000327,2024-02-09,CUS-0157,Kabir Kapoor,Consumer,India,Odisha,Bhubaneswar,East,Retail Store,ELEC-101,Electronics,Laptops,ApexBook 14 Laptop,3,75626.41,5,226879.23,11343.96,215535.27,53958.01,161874.03,53661.24,Credit Card,Delivered,Maya Shah
ORD-000648,2024-02-09,CUS-0135,Aisha Agarwal,Consumer,India,Karnataka,Bengaluru,South,Corporate Sales,ELEC-103,Electronics,Audio,Pulse Wireless Headphones,2,6084.86,0,12169.72,0.00,12169.72,3394.07,6788.14,5381.58,Cash on Delivery,Shipped,Ira Nair
ORD-000945,2024-02-09,CUS-0068,Kavya Singh,Enterprise,India,Chhattisgarh,Raipur,Central,Corporate Sales,APPL-502,Appliances,Climate,PureAir Room Purifier,19,17561.93,0,333676.67,0.00,333676.67,10362.80,196893.20,136783.47,Bank Transfer,Delivered,Dev Patel
ORD-001221,2024-02-09,CUS-0265,Rahul Agarwal,Consumer,India,Telangana,Hyderabad,South,Corporate Sales,SOFT-403,Software,Design,DesignFlow Annual License,7,14434.64,0,101042.48,0.00,101042.48,4075.63,28529.41,72513.07,Cash on Delivery,Delivered,Karan Singh
ORD-000376,2024-02-11,CUS-0128,Saanvi Nair,Consumer,India,Chhattisgarh,Raipur,Central,Marketplace,OFFC-301,Office Supplies,Paper,A4 Copy Paper Box,5,2008.81,5,10044.05,502.20,9541.85,1105.33,5526.65,4015.20,Cash on Delivery,Delivered,Karan Singh
ORD-000578,2024-02-11,CUS-0191,Nikhil Joshi,Consumer,India,Uttar Pradesh,Noida,North,Corporate Sales,FURN-204,Furniture,Tables,Metro Conference Table,1,38231.87,15,38231.87,5734.78,32497.09,26302.85,26302.85,6194.24,Wallet,Delivered,Maya Shah
ORD-000845,2024-02-11,CUS-0149,Aarav Nair,Consumer,India,Maharashtra,Pune,West,Marketplace,ELEC-102,Electronics,Smartphones,Nova X5 Smartphone,4,35688.98,10,142755.92,14275.59,128480.33,25222.89,100891.56,27588.77,Bank Transfer,Delivered,Samar Joshi
ORD-001017,2024-02-11,CUS-0237,Neha Rao,Consumer,India,Odisha,Bhubaneswar,East,Online Store,OFFC-301,Office Supplies,Paper,A4 Copy Paper Box,2,1972.69,0,3945.38,0.00,3945.38,1052.49,2104.98,1840.40,UPI,Delivered,Ritu Sharma
ORD-000050,2024-02-13,CUS-0298,Kabir Jain,Consumer,India,Karnataka,Mysuru,South,Retail Store,ELEC-104,Electronics,Accessories,65W USB-C Charger,4,2370.22,15,9480.88,1422.13,8058.75,1141.73,4566.92,3491.83,Wallet,Delivered,Samar Joshi
ORD-000710,2024-02-13,CUS-0207,Meera Mehta,Consumer,India,Maharashtra,Pune,West,Online Store,APPL-502,Appliances,Climate,PureAir Room Purifier,5,17938.97,0,89694.85,0.00,89694.85,10226.49,51132.45,38562.40,Debit Card,Delivered,Maya Shah
ORD-000741,2024-02-13,CUS-0204,Aarav Shah,Consumer,India,Karnataka,Bengaluru,South,Corporate Sales,FURN-204,Furniture,Tables,Metro Conference Table,1,37791.88,15,37791.88,5668.78,32123.10,27088.57,27088.57,5034.53,Credit Card,Delivered,Dev Patel
ORD-000008,2024-02-14,CUS-0049,Priya Kapoor,Consumer,India,Telangana,Hyderabad,South,Retail Store,ELEC-103,Electronics,Audio,Pulse Wireless Headphones,7,5975.16,15,41826.12,6273.92,35552.20,3209.95,22469.65,13082.55,Bank Transfer,Delivered,Ritu Sharma
ORD-000497,2024-02-14,CUS-0194,Diya Gupta,Consumer,India,Maharashtra,Pune,West,Retail Store,FURN-203,Furniture,Storage,Steel Filing Cabinet,7,9321.77,15,65252.39,9787.86,55464.53,5607.61,39253.27,16211.26,Credit Card,Delivered,Ira Nair
ORD-000892,2024-02-15,CUS-0320,Riya Joshi,Small Business,India,Odisha,Bhubaneswar,East,Retail Store,ELEC-105,Electronics,Monitors,Vision 27-inch Monitor,4,23025.70,0,92102.80,0.00,92102.80,14769.67,59078.68,33024.12,Debit Card,Processing,Maya Shah
ORD-000074,2024-02-16,CUS-0233,Akash Sharma,Consumer,India,West Bengal,Kolkata,East,Marketplace,OFFC-304,Office Supplies,Notebooks,Executive Notebook Set,2,878.97,10,1757.94,175.79,1582.15,389.84,779.68,802.47,Debit Card,Delivered,Karan Singh
ORD-001227,2024-02-16,CUS-0291,Ishaan Nair,Consumer,India,Rajasthan,Jaipur,North,Marketplace,OFFC-303,Office Supplies,Organization,Desktop Organizer,3,1326.80,0,3980.40,0.00,3980.40,607.29,1821.87,2158.53,Wallet,Shipped,Neil Gupta
ORD-000843,2024-02-17,CUS-0099,Saanvi Patel,Consumer,India,Karnataka,Bengaluru,South,Marketplace,FURN-203,Furniture,Storage,Steel Filing Cabinet,1,9515.38,10,9515.38,951.54,8563.84,5682.43,5682.43,2881.41,Wallet,Shipped,Maya Shah
ORD-000750,2024-02-18,CUS-0083,Ishaan Nair,Consumer,India,Gujarat,Surat,West,Online Store,APPL-502,Appliances,Climate,PureAir Room Purifier,4,16116.73,5,64466.92,3223.35,61243.57,10630.08,42520.32,18723.25,Wallet,Delivered,Anjali Mehta
ORD-000664,2024-02-19,CUS-0277,Rahul Patel,Consumer,India,Uttar Pradesh,Noida,North,Marketplace,ELEC-104,Electronics,Accessories,65W USB-C Charger,1,2529.50,20,2529.50,505.90,2023.60,1164.79,1164.79,858.81,UPI,Delivered,Maya Shah
ORD-001136,2024-02-20,CUS-0169,Diya Desai,Enterprise,India,Gujarat,Surat,West,Corporate Sales,OFFC-302,Office Supplies,Writing,Premium Pen Pack,8,520.51,15,4164.08,624.61,3539.47,214.45,1715.60,1823.87,Debit Card,Delivered,Ira Nair
ORD-000236,2024-02-21,CUS-0055,Priya Gupta,Small Business,India,Maharashtra,Mumbai,West,Marketplace,OFFC-304,Office Supplies,Notebooks,Executive Notebook Set,3,930.71,0,2792.13,0.00,2792.13,388.31,1164.93,1627.20,Wallet,Delivered,Maya Shah
ORD-000659,2024-02-21,CUS-0067,Ananya Mehta,Consumer,India,Gujarat,Surat,West,Marketplace,SOFT-402,Software,Security,SecurePro Endpoint License,7,5114.73,10,35803.11,3580.31,32222.80,1412.23,9885.61,22337.19,Credit Card,Delivered,Ira Nair
ORD-001077,2024-02-22,CUS-0310,Diya Agarwal,Consumer,India,Madhya Pradesh,Indore,Central,Marketplace,APPL-501,Appliances,Kitchen,BrewMaster Coffee Machine,7,12305.67,10,86139.69,8613.97,77525.72,7294.91,51064.37,26461.35,Debit Card,Delivered,Ira Nair
ORD-000742,2024-02-23,CUS-0202,Akash Nair,Small Business,India,Delhi,New Delhi,North,Corporate Sales,ELEC-101,Electronics,Laptops,ApexBook 14 Laptop,7,74449.11,0,521143.77,0.00,521143.77,53064.29,371450.03,149693.74,Credit Card,Delivered,Maya Shah
ORD-000839,2024-02-23,CUS-0078,Aditi Sharma,Consumer,India,Odisha,Bhubaneswar,East,Marketplace,OFFC-301,Office Supplies,Paper,A4 Copy Paper Box,5,2007.21,5,10036.05,501.80,9534.25,1091.68,5458.40,4075.85,UPI,Delivered,Samar Joshi
ORD-000861,2024-02-23,CUS-0232,Akash Iyer,Consumer,India,Madhya Pradesh,Indore,Central,Corporate Sales,SOFT-403,Software,Design,DesignFlow Annual License,1,14932.06,20,14932.06,2986.41,11945.65,4185.75,4185.75,7759.90,Wallet,Delivered,Anjali Mehta
ORD-000573,2024-02-24,CUS-0286,Aditi Joshi,Enterprise,India,Gujarat,Ahmedabad,West,Corporate Sales,FURN-204,Furniture,Tables,Metro Conference Table,4,40812.25,0,163249.00,0.00,163249.00,26959.21,107836.84,55412.16,Bank Transfer,Processing,Neil Gupta
ORD-000774,2024-02-24,CUS-0287,Saanvi Jain,Consumer,India,Uttar Pradesh,Noida,North,Corporate Sales,OFFC-302,Office Supplies,Writing,Premium Pen Pack,4,512.82,0,2051.28,0.00,2051.28,212.08,848.32,1202.96,Wallet,Delivered,Neil Gupta
ORD-001132,2024-02-24,CUS-0302,Zoya Sharma,Enterprise,India,Gujarat,Ahmedabad,West,Marketplace,APPL-501,Appliances,Kitchen,BrewMaster Coffee Machine,12,11707.50,15,140490.00,21073.50,119416.50,7248.66,86983.92,32432.58,Debit Card,Delivered,Maya Shah
ORD-000657,2024-02-26,CUS-0216,Aditi Patel,Consumer,India,Telangana,Hyderabad,South,Online Store,ELEC-104,Electronics,Accessories,65W USB-C Charger,1,2370.85,5,2370.85,118.54,2252.31,1174.90,1174.90,1077.41,Wallet,Delivered,Anjali Mehta
ORD-000942,2024-02-27,CUS-0219,Meera Shah,Consumer,India,Maharashtra,Pune,West,Online Store,SOFT-403,Software,Design,DesignFlow Annual License,3,15135.74,5,45407.22,2270.36,43136.86,4229.85,12689.55,30447.31,UPI,Delivered,Anjali Mehta
ORD-001004,2024-02-27,CUS-0031,Aarav Mehta,Consumer,India,Punjab,Chandigarh,North,Online Store,APPL-502,Appliances,Climate,PureAir Room Purifier,7,16150.90,5,113056.30,5652.82,107403.48,10243.98,71707.86,35695.62,Credit Card,Delivered,Ritu Sharma
ORD-001242,2024-02-27,CUS-0003,Saanvi Singh,Consumer,India,Odisha,Bhubaneswar,East,Marketplace,SOFT-402,Software,Security,SecurePro Endpoint License,2,4798.03,0,9596.06,0.00,9596.06,1416.06,2832.12,6763.94,Wallet,Delivered,Maya Shah
ORD-000561,2024-03-02,CUS-0265,Rahul Agarwal,Consumer,India,Maharashtra,Mumbai,West,Online Store,SOFT-401,Software,Productivity,OfficeSuite Annual License,1,8193.77,0,8193.77,0.00,8193.77,2134.23,2134.23,6059.54,Cash on Delivery,Delivered,Dev Patel
ORD-000644,2024-03-02,CUS-0208,Aarav Desai,Consumer,India,Gujarat,Ahmedabad,West,Marketplace,FURN-204,Furniture,Tables,Metro Conference Table,7,41889.36,0,293225.52,0.00,293225.52,26888.66,188220.62,105004.90,Wallet,Delivered,Karan Singh
ORD-000918,2024-03-02,CUS-0314,Priya Joshi,Small Business,India,West Bengal,Kolkata,East,Retail Store,APPL-502,Appliances,Climate,PureAir Room Purifier,4,17051.94,20,68207.76,13641.55,54566.21,10683.70,42734.80,11831.41,Bank Transfer,Delivered,Karan Singh
ORD-000563,2024-03-03,CUS-0032,Priya Jain,Consumer,India,Punjab,Chandigarh,North,Online Store,FURN-204,Furniture,Tables,Metro Conference Table,6,40308.49,10,241850.94,24185.09,217665.85,27627.90,165767.40,51898.45,Debit Card,Shipped,Maya Shah
ORD-001008,2024-03-03,CUS-0056,Rahul Sharma,Small Business,India,Chhattisgarh,Raipur,Central,Online Store,ELEC-104,Electronics,Accessories,65W USB-C Charger,5,2497.17,10,12485.85,1248.59,11237.26,1185.37,5926.85,0.00,UPI,Cancelled,Anjali Mehta
ORD-000488,2024-03-04,CUS-0248,Aditi Sharma,Small Business,India,Maharashtra,Pune,West,Online Store,SOFT-402,Software,Security,SecurePro Endpoint License,2,5146.45,10,10292.90,1029.29,9263.61,1375.57,2751.14,6512.47,Wallet,Delivered,Anjali Mehta
ORD-000818,2024-03-04,CUS-0257,Diya Rao,Small Business,India,Karnataka,Mysuru,South,Online Store,SOFT-402,Software,Security,SecurePro Endpoint License,3,5152.09,5,15456.27,772.81,14683.46,1430.75,4292.25,10391.21,Wallet,Delivered,Anjali Mehta
ORD-000476,2024-03-05,CUS-0147,Diya Shah,Consumer,India,Uttar Pradesh,Noida,North,Corporate Sales,FURN-201,Furniture,Chairs,ErgoMesh Office Chair,3,13888.33,10,41664.99,4166.50,37498.49,8461.29,25383.87,0.00,Wallet,Cancelled,Neil Gupta
ORD-000519,2024-03-05,CUS-0129,Ananya Rao,Small Business,India,Punjab,Chandigarh,North,Marketplace,ELEC-104,Electronics,Accessories,65W USB-C Charger,4,2405.70,0,9622.80,0.00,9622.80,1196.43,4785.72,4837.08,Cash on Delivery,Delivered,Maya Shah
ORD-000703,2024-03-05,CUS-0279,Meera Nair,Enterprise,India,Karnataka,Mysuru,South,Corporate Sales,APPL-502,Appliances,Climate,PureAir Room Purifier,16,16743.78,0,267900.48,0.00,267900.48,10366.48,165863.68,102036.80,UPI,Delivered,Neil Gupta
ORD-000452,2024-03-07,CUS-0067,Ananya Mehta,Consumer,India,Maharashtra,Mumbai,West,Retail Store,ELEC-101,Electronics,Laptops,ApexBook 14 Laptop,1,70553.79,25,70553.79,17638.45,52915.34,52819.50,52819.50,95.84,Cash on Delivery,Delivered,Ritu Sharma
ORD-001096,2024-03-07,CUS-0305,Neha Desai,Enterprise,India,Gujarat,Ahmedabad,West,Corporate Sales,ELEC-103,Electronics,Audio,Pulse Wireless Headphones,14,6272.16,0,87810.24,0.00,87810.24,3326.03,46564.42,41245.82,Debit Card,Delivered,Dev Patel
ORD-000925,2024-03-09,CUS-0254,Arjun Patel,Small Business,India,Uttar Pradesh,Noida,North,Marketplace,OFFC-303,Office Supplies,Organization,Desktop Organizer,4,1323.89,5,5295.56,264.78,5030.78,622.78,2491.12,2539.66,Bank Transfer,Returned,Ira Nair
ORD-001173,2024-03-10,CUS-0067,Ananya Mehta,Consumer,India,Karnataka,Bengaluru,South,Online Store,ELEC-105,Electronics,Monitors,Vision 27-inch Monitor,5,22756.22,5,113781.10,5689.06,108092.04,15154.04,75770.20,32321.84,Credit Card,Delivered,Ira Nair
ORD-000369,2024-03-12,CUS-0113,Arjun Jain,Consumer,India,Gujarat,Surat,West,Retail Store,SOFT-403,Software,Design,DesignFlow Annual License,3,14445.85,0,43337.55,0.00,43337.55,4167.55,12502.65,30834.90,Cash on Delivery,Processing,Maya Shah
ORD-000418,2024-03-12,CUS-0266,Arjun Nair,Consumer,India,Karnataka,Mysuru,South,Corporate Sales,ELEC-102,Electronics,Smartphones,Nova X5 Smartphone,1,35650.13,20,35650.13,7130.03,28520.10,24352.20,24352.20,0.00,Debit Card,Cancelled,Anjali Mehta
ORD-000645,2024-03-12,CUS-0161,Aisha Agarwal,Small Business,India,Maharashtra,Pune,West,Online Store,APPL-501,Appliances,Kitchen,BrewMaster Coffee Machine,4,12305.83,10,49223.32,4922.33,44300.99,7111.49,28445.96,15855.03,Bank Transfer,Returned,Karan Singh
ORD-001029,2024-03-12,CUS-0255,Priya Sharma,Small Business,India,Odisha,Bhubaneswar,East,Marketplace,SOFT-403,Software,Design,DesignFlow Annual License,7,14846.52,15,103925.64,15588.85,88336.79,4235.55,29648.85,58687.94,UPI,Delivered,Anjali Mehta
ORD-000602,2024-03-13,CUS-0306,Saanvi Sharma,Consumer,India,Karnataka,Mysuru,South,Retail Store,FURN-201,Furniture,Chairs,ErgoMesh Office Chair,7,14114.60,5,98802.20,4940.11,93862.09,8698.98,60892.86,32969.23,Wallet,Delivered,Samar Joshi
ORD-000951,2024-03-13,CUS-0213,Neha Singh,Small Business,India,Telangana,Hyderabad,South,Corporate Sales,FURN-203,Furniture,Storage,Steel Filing Cabinet,6,9347.34,5,56084.04,2804.20,53279.84,5540.61,33243.66,20036.18,UPI,Delivered,Samar Joshi
ORD-000285,2024-03-15,CUS-0282,Kabir Singh,Small Business,India,Maharashtra,Mumbai,West,Retail Store,OFFC-304,Office Supplies,Notebooks,Executive Notebook Set,4,885.53,0,3542.12,0.00,3542.12,380.88,1523.52,2018.60,Wallet,Delivered,Anjali Mehta
ORD-000454,2024-03-16,CUS-0112,Akash Singh,Consumer,India,Madhya Pradesh,Indore,Central,Corporate Sales,ELEC-103,Electronics,Audio,Pulse Wireless Headphones,5,6051.16,15,30255.80,4538.37,25717.43,3370.52,16852.60,8864.83,UPI,Delivered,Samar Joshi
ORD-000984,2024-03-17,CUS-0169,Diya Desai,Enterprise,India,Rajasthan,Jaipur,North,Corporate Sales,OFFC-301,Office Supplies,Paper,A4 Copy Paper Box,16,1940.24,10,31043.84,3104.38,27939.46,1096.69,17547.04,10392.42,UPI,Delivered,Anjali Mehta
ORD-001086,2024-03-17,CUS-0041,Akash Patel,Small Business,India,Telangana,Hyderabad,South,Online Store,OFFC-302,Office Supplies,Writing,Premium Pen Pack,1,504.59,0,504.59,0.00,504.59,215.31,215.31,289.28,Bank Transfer,Delivered,Ira Nair
ORD-000872,2024-03-18,CUS-0173,Priya Shah,Enterprise,India,Maharashtra,Pune,West,Corporate Sales,OFFC-303,Office Supplies,Organization,Desktop Organizer,15,1357.44,10,20361.60,2036.16,18325.44,620.24,9303.60,9021.84,Credit Card,Delivered,Anjali Mehta
ORD-000908,2024-03-18,CUS-0154,Neha Singh,Consumer,India,West Bengal,Kolkata,East,Corporate Sales,FURN-203,Furniture,Storage,Steel Filing Cabinet,7,9519.21,15,66634.47,9995.17,56639.30,5710.73,39975.11,16664.19,UPI,Delivered,Ira Nair
ORD-000913,2024-03-18,CUS-0185,Arjun Verma,Enterprise,India,West Bengal,Kolkata,East,Corporate Sales,OFFC-303,Office Supplies,Organization,Desktop Organizer,4,1228.38,0,4913.52,0.00,4913.52,593.95,2375.80,2537.72,Bank Transfer,Delivered,Samar Joshi
ORD-000289,2024-03-19,CUS-0221,Ishaan Verma,Small Business,India,Telangana,Hyderabad,South,Retail Store,ELEC-102,Electronics,Smartphones,Nova X5 Smartphone,3,36273.61,15,108820.83,16323.12,92497.71,24056.25,72168.75,20328.96,Credit Card,Delivered,Dev Patel
ORD-000931,2024-03-19,CUS-0131,Vikram Nair,Consumer,India,Gujarat,Surat,West,Corporate Sales,SOFT-403,Software,Design,DesignFlow Annual License,7,15832.53,5,110827.71,5541.39,105286.32,4083.67,28585.69,76700.63,UPI,Delivered,Neil Gupta
ORD-000223,2024-03-20,CUS-0276,Nikhil Rao,Consumer,India,Maharashtra,Pune,West,Marketplace,OFFC-302,Office Supplies,Writing,Premium Pen Pack,4,474.72,0,1898.88,0.00,1898.88,206.60,826.40,1072.48,Wallet,Delivered,Ritu Sharma
ORD-000509,2024-03-20,CUS-0060,Priya Kapoor,Consumer,India,Maharashtra,Pune,West,Online Store,APPL-501,Appliances,Kitchen,BrewMaster Coffee Machine,3,12665.69,5,37997.07,1899.85,36097.22,7250.30,21750.90,14346.32,Wallet,Delivered,Samar Joshi
ORD-000973,2024-03-21,CUS-0196,Aditi Sharma,Consumer,India,Tamil Nadu,Chennai,South,Online Store,OFFC-301,Office Supplies,Paper,A4 Copy Paper Box,3,1887.23,0,5661.69,0.00,5661.69,1068.31,3204.93,2456.76,Debit Card,Delivered,Ira Nair
ORD-000466,2024-03-23,CUS-0096,Riya Agarwal,Consumer,India,Maharashtra,Mumbai,West,Retail Store,FURN-201,Furniture,Chairs,ErgoMesh Office Chair,3,14546.30,5,43638.90,2181.95,41456.95,8542.28,25626.84,15830.11,Wallet,Delivered,Maya Shah
ORD-000506,2024-03-23,CUS-0273,Aditi Jain,Small Business,India,Uttar Pradesh,Noida,North,Marketplace,FURN-202,Furniture,Desks,Oak Standing Desk,5,30701.79,0,153508.95,0.00,153508.95,19157.98,95789.90,57719.05,Credit Card,Delivered,Maya Shah
ORD-000336,2024-03-24,CUS-0127,Meera Jain,Consumer,India,Punjab,Chandigarh,North,Corporate Sales,APPL-501,Appliances,Kitchen,BrewMaster Coffee Machine,4,12236.06,10,48944.24,4894.42,44049.82,7342.05,29368.20,14681.62,Cash on Delivery,Returned,Maya Shah
ORD-000852,2024-03-24,CUS-0223,Akash Kapoor,Consumer,India,Madhya Pradesh,Indore,Central,Marketplace,SOFT-403,Software,Design,DesignFlow Annual License,1,14554.86,10,14554.86,1455.49,13099.37,4204.77,4204.77,8894.60,Cash on Delivery,Delivered,Ritu Sharma
ORD-000379,2024-03-25,CUS-0131,Vikram Nair,Consumer,India,Uttar Pradesh,Noida,North,Online Store,FURN-202,Furniture,Desks,Oak Standing Desk,4,29116.14,15,116464.56,17469.68,98994.88,18950.33,75801.32,23193.56,Debit Card,Processing,Karan Singh
ORD-000919,2024-03-26,CUS-0202,Akash Nair,Small Business,India,West Bengal,Kolkata,East,Marketplace,SOFT-401,Software,Productivity,OfficeSuite Annual License,6,7736.84,10,46421.04,4642.10,41778.94,2205.14,13230.84,28548.10,Wallet,Delivered,Maya Shah
ORD-000351,2024-03-28,CUS-0055,Priya Gupta,Small Business,India,Chhattisgarh,Raipur,Central,Retail Store,OFFC-302,Office Supplies,Writing,Premium Pen Pack,5,488.90,0,2444.50,0.00,2444.50,207.14,1035.70,1408.80,Debit Card,Delivered,Anjali Mehta
ORD-000612,2024-03-28,CUS-0239,Aarav Rao,Consumer,India,Maharashtra,Pune,West,Retail Store,SOFT-401,Software,Productivity,OfficeSuite Annual License,7,7978.01,15,55846.07,8376.91,47469.16,2262.09,15834.63,31634.53,Credit Card,Returned,Dev Patel
ORD-000738,2024-03-28,CUS-0176,Kavya Desai,Consumer,India,Chhattisgarh,Raipur,Central,Retail Store,OFFC-302,Office Supplies,Writing,Premium Pen Pack,6,478.22,10,2869.32,286.93,2582.39,214.42,1286.52,1295.87,Cash on Delivery,Delivered,Neil Gupta
ORD-000711,2024-03-29,CUS-0059,Zoya Nair,Consumer,India,West Bengal,Kolkata,East,Retail Store,OFFC-303,Office Supplies,Organization,Desktop Organizer,4,1361.89,10,5447.56,544.76,4902.80,613.71,2454.84,2447.96,Debit Card,Delivered,Maya Shah
ORD-000415,2024-03-30,CUS-0277,Rahul Patel,Consumer,India,Gujarat,Ahmedabad,West,Retail Store,ELEC-104,Electronics,Accessories,65W USB-C Charger,6,2483.37,0,14900.22,0.00,14900.22,1183.52,7101.12,7799.10,UPI,Delivered,Samar Joshi
ORD-000051,2024-03-31,CUS-0173,Priya Shah,Enterprise,India,Madhya Pradesh,Indore,Central,Corporate Sales,FURN-203,Furniture,Storage,Steel Filing Cabinet,20,9932.93,15,198658.60,29798.79,168859.81,5605.03,112100.60,56759.21,Bank Transfer,Delivered,Ritu Sharma
ORD-000105,2024-03-31,CUS-0261,Saanvi Patel,Small Business,India,Telangana,Hyderabad,South,Retail Store,OFFC-301,Office Supplies,Paper,A4 Copy Paper Box,3,1975.05,15,5925.15,888.77,5036.38,1063.39,3190.17,1846.21,UPI,Delivered,Dev Patel
ORD-000571,2024-03-31,CUS-0067,Ananya Mehta,Consumer,India,Maharashtra,Pune,West,Retail Store,FURN-203,Furniture,Storage,Steel Filing Cabinet,2,9979.29,0,19958.58,0.00,19958.58,5719.78,11439.56,8519.02,Cash on Delivery,Delivered,Samar Joshi
ORD-000891,2024-04-01,CUS-0241,Ishaan Jain,Small Business,India,Maharashtra,Mumbai,West,Retail Store,SOFT-402,Software,Security,SecurePro Endpoint License,4,4837.93,5,19351.72,967.59,18384.13,1378.27,5513.08,12871.05,Bank Transfer,Delivered,Neil Gupta
ORD-000229,2024-04-02,CUS-0117,Ishaan Rao,Small Business,India,Karnataka,Mysuru,South,Corporate Sales,OFFC-304,Office Supplies,Notebooks,Executive Notebook Set,6,894.82,15,5368.92,805.34,4563.58,398.52,2391.12,2172.46,Cash on Delivery,Delivered,Maya Shah
ORD-000230,2024-04-02,CUS-0176,Kavya Desai,Consumer,India,Maharashtra,Mumbai,West,Corporate Sales,FURN-202,Furniture,Desks,Oak Standing Desk,7,30397.03,5,212779.21,10638.96,202140.25,18427.09,128989.63,73150.62,Debit Card,Returned,Samar Joshi
ORD-000582,2024-04-02,CUS-0288,Aditi Singh,Consumer,India,Maharashtra,Mumbai,West,Marketplace,OFFC-303,Office Supplies,Organization,Desktop Organizer,5,1318.96,10,6594.80,659.48,5935.32,613.93,3069.65,2865.67,Credit Card,Delivered,Ritu Sharma
ORD-001204,2024-04-02,CUS-0074,Nikhil Rao,Consumer,India,Maharashtra,Pune,West,Marketplace,ELEC-105,Electronics,Monitors,Vision 27-inch Monitor,7,23151.34,15,162059.38,24308.91,137750.47,15193.57,106354.99,0.00,Credit Card,Cancelled,Samar Joshi
ORD-000292,2024-04-03,CUS-0255,Priya Sharma,Small Business,India,Karnataka,Mysuru,South,Marketplace,ELEC-102,Electronics,Smartphones,Nova X5 Smartphone,7,34437.36,5,241061.52,12053.08,229008.44,24204.57,169431.99,59576.45,Wallet,Processing,Anjali Mehta
ORD-000405,2024-04-03,CUS-0121,Kabir Singh,Small Business,India,Gujarat,Ahmedabad,West,Online Store,ELEC-102,Electronics,Smartphones,Nova X5 Smartphone,5,33516.88,15,167584.40,25137.66,142446.74,25274.92,126374.60,16072.14,Debit Card,Delivered,Anjali Mehta
ORD-000928,2024-04-03,CUS-0163,Aditi Mehta,Small Business,India,Chhattisgarh,Raipur,Central,Online Store,SOFT-402,Software,Security,SecurePro Endpoint License,3,4802.50,0,14407.50,0.00,14407.50,1422.27,4266.81,10140.69,Cash on Delivery,Delivered,Samar Joshi
ORD-001056,2024-04-03,CUS-0004,Kavya Agarwal,Small Business,India,Punjab,Chandigarh,North,Online Store,ELEC-104,Electronics,Accessories,65W USB-C Charger,4,2595.40,15,10381.60,1557.24,8824.36,1180.67,4722.68,4101.68,Credit Card,Processing,Dev Patel
ORD-000029,2024-04-05,CUS-0030,Neha Joshi,Consumer,India,Tamil Nadu,Chennai,South,Retail Store,FURN-203,Furniture,Storage,Steel Filing Cabinet,6,9112.16,10,54672.96,5467.30,49205.66,5629.62,33777.72,15427.94,Credit Card,Delivered,Neil Gupta
ORD-000525,2024-04-05,CUS-0021,Saanvi Desai,Consumer,India,Punjab,Chandigarh,North,Marketplace,FURN-203,Furniture,Storage,Steel Filing Cabinet,3,9926.40,5,29779.20,1488.96,28290.24,5772.40,17317.20,10973.04,Debit Card,Returned,Karan Singh
ORD-000898,2024-04-05,CUS-0037,Diya Agarwal,Consumer,India,Rajasthan,Jaipur,North,Marketplace,APPL-501,Appliances,Kitchen,BrewMaster Coffee Machine,6,12659.34,0,75956.04,0.00,75956.04,7197.23,43183.38,32772.66,Bank Transfer,Delivered,Neil Gupta
ORD-000967,2024-04-06,CUS-0269,Priya Rao,Consumer,India,Gujarat,Surat,West,Retail Store,ELEC-103,Electronics,Audio,Pulse Wireless Headphones,5,5866.83,0,29334.15,0.00,29334.15,3323.42,16617.10,12717.05,Wallet,Delivered,Karan Singh
ORD-001171,2024-04-06,CUS-0210,Kabir Sharma,Consumer,India,Karnataka,Bengaluru,South,Marketplace,FURN-204,Furniture,Tables,Metro Conference Table,7,40677.94,15,284745.58,42711.84,242033.74,26403.00,184821.00,0.00,Wallet,Cancelled,Samar Joshi
ORD-000309,2024-04-07,CUS-0090,Riya Desai,Small Business,India,Odisha,Bhubaneswar,East,Online Store,FURN-201,Furniture,Chairs,ErgoMesh Office Chair,5,14800.52,0,74002.60,0.00,74002.60,8278.11,41390.55,32612.05,UPI,Shipped,Karan Singh
ORD-000431,2024-04-07,CUS-0220,Aditi Desai,Enterprise,India,Punjab,Chandigarh,North,Retail Store,FURN-202,Furniture,Desks,Oak Standing Desk,11,29838.10,20,328219.10,65643.82,262575.28,18221.72,200438.92,62136.36,Debit Card,Delivered,Samar Joshi
ORD-000001,2024-04-10,CUS-0316,Aarav Iyer,Enterprise,India,Punjab,Chandigarh,North,Corporate Sales,OFFC-304,Office Supplies,Notebooks,Executive Notebook Set,5,858.00,0,4290.00,0.00,4290.00,396.62,1983.10,2306.90,Wallet,Delivered,Maya Shah
ORD-001236,2024-04-10,CUS-0050,Nikhil Jain,Consumer,India,Maharashtra,Mumbai,West,Retail Store,OFFC-304,Office Supplies,Notebooks,Executive Notebook Set,2,949.47,10,1898.94,189.89,1709.05,386.39,772.78,936.27,Debit Card,Delivered,Ira Nair
ORD-000980,2024-04-12,CUS-0112,Akash Singh,Consumer,India,Gujarat,Ahmedabad,West,Online Store,OFFC-303,Office Supplies,Organization,Desktop Organizer,5,1273.84,10,6369.20,636.92,5732.28,597.38,2986.90,2745.38,Bank Transfer,Delivered,Anjali Mehta
ORD-000325,2024-04-14,CUS-0286,Aditi Joshi,Enterprise,India,Maharashtra,Pune,West,Retail Store,ELEC-103,Electronics,Audio,Pulse Wireless Headphones,13,5752.44,15,74781.72,11217.26,63564.46,3263.09,42420.17,21144.29,Debit Card,Returned,Ritu Sharma
ORD-000319,2024-04-16,CUS-0108,Kabir Kapoor,Consumer,India,Punjab,Chandigarh,North,Online Store,OFFC-302,Office Supplies,Writing,Premium Pen Pack,1,500.50,5,500.50,25.03,475.47,215.32,215.32,260.15,Cash on Delivery,Shipped,Neil Gupta
ORD-000667,2024-04-17,CUS-0055,Priya Gupta,Small Business,India,Karnataka,Mysuru,South,Retail Store,SOFT-401,Software,Productivity,OfficeSuite Annual License,1,7534.19,10,7534.19,753.42,6780.77,2221.91,2221.91,4558.86,Credit Card,Delivered,Neil Gupta
ORD-000642,2024-04-18,CUS-0046,Meera Agarwal,Small Business,India,Gujarat,Surat,West,Corporate Sales,OFFC-302,Office Supplies,Writing,Premium Pen Pack,7,504.82,5,3533.74,176.69,3357.05,211.16,1478.12,1878.93,UPI,Delivered,Anjali Mehta
ORD-000778,2024-04-18,CUS-0199,Zoya Desai,Consumer,India,Karnataka,Mysuru,South,Online Store,FURN-202,Furniture,Desks,Oak Standing Desk,6,28313.85,10,169883.10,16988.31,152894.79,19116.54,114699.24,38195.55,Credit Card,Delivered,Ira Nair
ORD-000977,2024-04-21,CUS-0305,Neha Desai,Enterprise,India,Uttar Pradesh,Noida,North,Corporate Sales,ELEC-101,Electronics,Laptops,ApexBook 14 Laptop,14,74887.32,15,1048422.48,157263.37,891159.11,52566.85,735935.90,155223.21,Wallet,Delivered,Anjali Mehta
ORD-001036,2024-04-21,CUS-0238,Ishaan Shah,Small Business,India,Gujarat,Ahmedabad,West,Corporate Sales,FURN-204,Furniture,Tables,Metro Conference Table,1,40857.81,10,40857.81,4085.78,36772.03,26448.34,26448.34,10323.69,Credit Card,Delivered,Maya Shah
ORD-001165,2024-04-21,CUS-0063,Zoya Agarwal,Enterprise,India,Madhya Pradesh,Indore,Central,Marketplace,APPL-501,Appliances,Kitchen,BrewMaster Coffee Machine,20,12545.67,0,250913.40,0.00,250913.40,7338.14,146762.80,104150.60,Bank Transfer,Delivered,Maya Shah
ORD-000548,2024-04-22,CUS-0058,Rohan Mehta,Small Business,India,Odisha,Bhubaneswar,East,Online Store,SOFT-403,Software,Design,DesignFlow Annual License,7,14661.54,5,102630.78,5131.54,97499.24,4183.35,29283.45,68215.79,Bank Transfer,Delivered,Neil Gupta
ORD-000343,2024-04-24,CUS-0104,Riya Verma,Consumer,India,Maharashtra,Pune,West,Marketplace,ELEC-103,Electronics,Audio,Pulse Wireless Headphones,6,6154.26,20,36925.56,7385.11,29540.45,3333.06,19998.36,9542.09,Cash on Delivery,Delivered,Ira Nair
ORD-000833,2024-04-28,CUS-0094,Arjun Singh,Small Business,India,Gujarat,Surat,West,Marketplace,SOFT-401,Software,Productivity,OfficeSuite Annual License,1,7873.80,0,7873.80,0.00,7873.80,2197.35,2197.35,5676.45,UPI,Delivered,Ira Nair
ORD-001201,2024-04-29,CUS-0239,Aarav Rao,Consumer,India,Telangana,Hyderabad,South,Online Store,ELEC-102,Electronics,Smartphones,Nova X5 Smartphone,4,35407.13,5,141628.52,7081.43,134547.09,24689.31,98757.24,35789.85,Bank Transfer,Delivered,Anjali Mehta
ORD-001051,2024-04-30,CUS-0269,Priya Rao,Consumer,India,Karnataka,Bengaluru,South,Marketplace,FURN-201,Furniture,Chairs,ErgoMesh Office Chair,2,13595.26,0,27190.52,0.00,27190.52,8497.36,16994.72,10195.80,UPI,Delivered,Ira Nair
ORD-001214,2024-04-30,CUS-0020,Aditi Singh,Consumer,India,Uttar Pradesh,Noida,North,Marketplace,OFFC-302,Office Supplies,Writing,Premium Pen Pack,1,496.01,5,496.01,24.80,471.21,214.80,214.80,256.41,Wallet,Delivered,Ira Nair
ORD-000363,2024-05-01,CUS-0300,Nikhil Singh,Consumer,India,Gujarat,Surat,West,Online Store,SOFT-402,Software,Security,SecurePro Endpoint License,4,4735.00,0,18940.00,0.00,18940.00,1380.17,5520.68,13419.32,Cash on Delivery,Delivered,Ritu Sharma
ORD-000246,2024-05-02,CUS-0216,Aditi Patel,Consumer,India,Uttar Pradesh,Noida,North,Marketplace,SOFT-401,Software,Productivity,OfficeSuite Annual License,1,8368.20,5,8368.20,418.41,7949.79,2172.89,2172.89,5776.90,Bank Transfer,Shipped,Dev Patel
ORD-000212,2024-05-03,CUS-0144,Meera Nair,Consumer,India,Rajasthan,Jaipur,North,Corporate Sales,FURN-202,Furniture,Desks,Oak Standing Desk,2,28386.89,0,56773.78,0.00,56773.78,18704.07,37408.14,19365.64,Debit Card,Delivered,Samar Joshi
ORD-000490,2024-05-04,CUS-0208,Aarav Desai,Consumer,India,Madhya Pradesh,Indore,Central,Marketplace,OFFC-301,Office Supplies,Paper,A4 Copy Paper Box,2,1986.56,10,3973.12,397.31,3575.81,1080.08,2160.16,1415.65,Credit Card,Delivered,Karan Singh
ORD-000518,2024-05-04,CUS-0250,Aisha Desai,Consumer,India,Karnataka,Bengaluru,South,Online Store,APPL-501,Appliances,Kitchen,BrewMaster Coffee Machine,3,12709.25,5,38127.75,1906.39,36221.36,7283.45,21850.35,14371.01,Cash on Delivery,Delivered,Neil Gupta
ORD-000896,2024-05-04,CUS-0067,Ananya Mehta,Consumer,India,Maharashtra,Pune,West,Corporate Sales,ELEC-105,Electronics,Monitors,Vision 27-inch Monitor,2,22007.00,0,44014.00,0.00,44014.00,14972.23,29944.46,14069.54,UPI,Delivered,Samar Joshi
ORD-000464,2024-05-05,CUS-0155,Kabir Shah,Enterprise,India,Maharashtra,Pune,West,Marketplace,FURN-204,Furniture,Tables,Metro Conference Table,15,39147.62,0,587214.30,0.00,587214.30,27242.02,408630.30,178584.00,Debit Card,Delivered,Samar Joshi
ORD-000581,2024-05-05,CUS-0092,Aarav Kapoor,Consumer,India,Madhya Pradesh,Indore,Central,Marketplace,FURN-201,Furniture,Chairs,ErgoMesh Office Chair,2,14812.05,5,29624.10,1481.21,28142.89,8314.53,16629.06,11513.83,Debit Card,Delivered,Ira Nair
ORD-000912,2024-05-05,CUS-0085,Riya Singh,Small Business,India,Telangana,Hyderabad,South,Marketplace,FURN-201,Furniture,Chairs,ErgoMesh Office Chair,7,14137.55,20,98962.85,19792.57,79170.28,8440.33,59082.31,20087.97,Wallet,Returned,Dev Patel
ORD-000159,2024-05-06,CUS-0173,Priya Shah,Enterprise,India,Karnataka,Bengaluru,South,Corporate Sales,OFFC-304,Office Supplies,Notebooks,Executive Notebook Set,15,882.74,0,13241.10,0.00,13241.10,385.28,5779.20,7461.90,Cash on Delivery,Delivered,Dev Patel
ORD-001182,2024-05-07,CUS-0138,Riya Iyer,Small Business,India,Odisha,Bhubaneswar,East,Online Store,OFFC-303,Office Supplies,Organization,Desktop Organizer,2,1242.76,10,2485.52,248.55,2236.97,598.27,1196.54,1040.43,Wallet,Delivered,Neil Gupta
ORD-000472,2024-05-09,CUS-0304,Aarav Gupta,Consumer,India,Chhattisgarh,Raipur,Central,Corporate Sales,OFFC-301,Office Supplies,Paper,A4 Copy Paper Box,2,1951.21,10,3902.42,390.24,3512.18,1097.42,2194.84,1317.34,Wallet,Delivered,Ira Nair
ORD-000303,2024-05-10,CUS-0060,Priya Kapoor,Consumer,India,Odisha,Bhubaneswar,East,Online Store,OFFC-301,Office Supplies,Paper,A4 Copy Paper Box,5,2002.34,5,10011.70,500.59,9511.11,1095.58,5477.90,4033.21,Debit Card,Delivered,Samar Joshi
ORD-001011,2024-05-12,CUS-0317,Saanvi Singh,Consumer,India,Delhi,New Delhi,North,Marketplace,APPL-502,Appliances,Climate,PureAir Room Purifier,2,16890.13,15,33780.26,5067.04,28713.22,10495.70,20991.40,7721.82,Debit Card,Delivered,Ira Nair
ORD-000092,2024-05-13,CUS-0049,Priya Kapoor,Consumer,India,Maharashtra,Pune,West,Corporate Sales,FURN-204,Furniture,Tables,Metro Conference Table,6,41101.98,15,246611.88,36991.78,209620.10,27542.72,165256.32,44363.78,Wallet,Shipped,Neil Gupta
ORD-001194,2024-05-13,CUS-0176,Kavya Desai,Consumer,India,Uttar Pradesh,Noida,North,Marketplace,FURN-201,Furniture,Chairs,ErgoMesh Office Chair,3,13280.50,20,39841.50,7968.30,31873.20,8494.92,25484.76,6388.44,Wallet,Delivered,Samar Joshi
ORD-000542,2024-05-14,CUS-0241,Ishaan Jain,Small Business,India,Punjab,Chandigarh,North,Online Store,OFFC-301,Office Supplies,Paper,A4 Copy Paper Box,4,1950.83,10,7803.32,780.33,7022.99,1074.78,4299.12,2723.87,Bank Transfer,Delivered,Karan Singh
ORD-000200,2024-05-15,CUS-0011,Ishaan Joshi,Consumer,India,Tamil Nadu,Chennai,South,Marketplace,SOFT-403,Software,Design,DesignFlow Annual License,6,14787.70,0,88726.20,0.00,88726.20,4092.25,24553.50,64172.70,Wallet,Delivered,Maya Shah
ORD-000687,2024-05-15,CUS-0109,Riya Iyer,Enterprise,India,Delhi,New Delhi,North,Corporate Sales,FURN-201,Furniture,Chairs,ErgoMesh Office Chair,4,14276.66,5,57106.64,2855.33,54251.31,8668.40,34673.60,19577.71,Debit Card,Delivered,Ritu Sharma
ORD-001111,2024-05-15,CUS-0118,Nikhil Kapoor,Consumer,India,Gujarat,Surat,West,Corporate Sales,OFFC-301,Office Supplies,Paper,A4 Copy Paper Box,2,1875.31,10,3750.62,375.06,3375.56,1057.74,2115.48,1260.08,Credit Card,Delivered,Samar Joshi
ORD-001237,2024-05-15,CUS-0290,Rohan Sharma,Small Business,India,Punjab,Chandigarh,North,Corporate Sales,ELEC-103,Electronics,Audio,Pulse Wireless Headphones,4,5905.88,15,23623.52,3543.53,20079.99,3372.86,13491.44,6588.55,Cash on Delivery,Delivered,Ira Nair
ORD-000414,2024-05-16,CUS-0189,Ishaan Desai,Consumer,India,Maharashtra,Pune,West,Online Store,ELEC-103,Electronics,Audio,Pulse Wireless Headphones,4,6328.70,0,25314.80,0.00,25314.80,3398.71,13594.84,11719.96,Bank Transfer,Shipped,Ira Nair
ORD-000939,2024-05-16,CUS-0027,Ishaan Singh,Small Business,India,Karnataka,Bengaluru,South,Marketplace,ELEC-103,Electronics,Audio,Pulse Wireless Headphones,4,6036.37,5,24145.48,1207.27,22938.21,3309.29,13237.16,9701.05,Cash on Delivery,Delivered,Maya Shah
ORD-000069,2024-05-17,CUS-0173,Priya Shah,Enterprise,India,Tamil Nadu,Chennai,South,Corporate Sales,ELEC-104,Electronics,Accessories,65W USB-C Charger,14,2647.72,0,37068.08,0.00,37068.08,1200.16,16802.24,20265.84,Debit Card,Returned,Karan Singh
ORD-001126,2024-05-17,CUS-0129,Ananya Rao,Small Business,India,Maharashtra,Pune,West,Retail Store,SOFT-402,Software,Security,SecurePro Endpoint License,4,5261.87,10,21047.48,2104.75,18942.73,1418.85,5675.40,13267.33,Cash on Delivery,Processing,Karan Singh
ORD-000141,2024-05-18,CUS-0087,Riya Joshi,Small Business,India,Tamil Nadu,Chennai,South,Corporate Sales,SOFT-401,Software,Productivity,OfficeSuite Annual License,7,8395.09,10,58765.63,5876.56,52889.07,2199.44,15396.08,37492.99,Cash on Delivery,Shipped,Dev Patel
ORD-000824,2024-05-19,CUS-0089,Kabir Iyer,Consumer,India,Telangana,Hyderabad,South,Online Store,OFFC-304,Office Supplies,Notebooks,Executive Notebook Set,6,941.79,10,5650.74,565.07,5085.67,385.64,2313.84,2771.83,Credit Card,Shipped,Ira Nair
ORD-000071,2024-05-20,CUS-0209,Aarav Verma,Small Business,India,Tamil Nadu,Chennai,South,Online Store,FURN-204,Furniture,Tables,Metro Conference Table,3,40101.83,15,120305.49,18045.82,102259.67,26281.44,78844.32,23415.35,UPI,Delivered,Samar Joshi
ORD-000495,2024-05-21,CUS-0179,Ishaan Mehta,Consumer,India,Gujarat,Ahmedabad,West,Corporate Sales,ELEC-102,Electronics,Smartphones,Nova X5 Smartphone,5,34150.03,15,170750.15,25612.52,145137.63,25390.99,126954.95,18182.68,Wallet,Delivered,Neil Gupta
ORD-000475,2024-05-22,CUS-0269,Priya Rao,Consumer,India,Karnataka,Mysuru,South,Marketplace,SOFT-402,Software,Security,SecurePro Endpoint License,6,4845.24,10,29071.44,2907.14,26164.30,1424.12,8544.72,17619.58,Bank Transfer,Delivered,Neil Gupta
ORD-001133,2024-05-22,CUS-0111,Nikhil Singh,Consumer,India,Tamil Nadu,Chennai,South,Corporate Sales,FURN-204,Furniture,Tables,Metro Conference Table,4,37975.96,15,151903.84,22785.58,129118.26,26996.52,107986.08,21132.18,Credit Card,Delivered,Karan Singh
ORD-000757,2024-05-23,CUS-0183,Saanvi Sharma,Small Business,India,Gujarat,Surat,West,Marketplace,ELEC-102,Electronics,Smartphones,Nova X5 Smartphone,3,34374.07,0,103122.21,0.00,103122.21,24208.04,72624.12,30498.09,UPI,Delivered,Samar Joshi
ORD-000932,2024-05-23,CUS-0193,Ananya Verma,Enterprise,India,Maharashtra,Mumbai,West,Online Store,OFFC-301,Office Supplies,Paper,A4 Copy Paper Box,6,1811.42,10,10868.52,1086.85,9781.67,1094.94,6569.64,3212.03,Debit Card,Delivered,Maya Shah
ORD-000066,2024-05-24,CUS-0007,Riya Rao,Consumer,India,Madhya Pradesh,Indore,Central,Retail Store,SOFT-402,Software,Security,SecurePro Endpoint License,1,5177.36,10,5177.36,517.74,4659.62,1374.33,1374.33,3285.29,Debit Card,Delivered,Samar Joshi
ORD-000724,2024-05-24,CUS-0110,Rohan Sharma,Consumer,India,Uttar Pradesh,Noida,North,Retail Store,ELEC-104,Electronics,Accessories,65W USB-C Charger,1,2637.73,20,2637.73,527.55,2110.18,1161.66,1161.66,948.52,Cash on Delivery,Delivered,Samar Joshi
ORD-000801,2024-05-25,CUS-0060,Priya Kapoor,Consumer,India,Uttar Pradesh,Noida,North,Retail Store,APPL-501,Appliances,Kitchen,BrewMaster Coffee Machine,7,11648.82,10,81541.74,8154.17,73387.57,7346.47,51425.29,21962.28,Cash on Delivery,Delivered,Karan Singh
ORD-000467,2024-05-26,CUS-0045,Riya Jain,Small Business,India,Gujarat,Surat,West,Retail Store,SOFT-401,Software,Productivity,OfficeSuite Annual License,4,7584.29,20,30337.16,6067.43,24269.73,2220.00,8880.00,15389.73,Bank Transfer,Delivered,Samar Joshi
ORD-000322,2024-05-27,CUS-0037,Diya Agarwal,Consumer,India,Telangana,Hyderabad,South,Marketplace,OFFC-302,Office Supplies,Writing,Premium Pen Pack,7,491.87,5,3443.09,172.15,3270.94,206.09,1442.63,1828.31,Debit Card,Processing,Anjali Mehta
ORD-001053,2024-05-27,CUS-0260,Diya Singh,Small Business,India,Odisha,Bhubaneswar,East,Corporate Sales,SOFT-403,Software,Design,DesignFlow Annual License,6,14523.80,10,87142.80,8714.28,78428.52,4235.67,25414.02,53014.50,Credit Card,Returned,Anjali Mehta
ORD-000585,2024-05-28,CUS-0309,Ishaan Joshi,Consumer,India,Telangana,Hyderabad,South,Online Store,FURN-203,Furniture,Storage,Steel Filing Cabinet,6,9225.25,5,55351.50,2767.58,52583.92,5694.48,34166.88,18417.04,Credit Card,Shipped,Anjali Mehta
ORD-000646,2024-05-28,CUS-0211,Nikhil Desai,Consumer,India,Karnataka,Mysuru,South,Online Store,SOFT-403,Software,Design,DesignFlow Annual License,4,15262.34,5,61049.36,3052.47,57996.89,4082.40,16329.60,41667.29,Wallet,Delivered,Samar Joshi
ORD-000201,2024-05-29,CUS-0279,Meera Nair,Enterprise,India,Chhattisgarh,Raipur,Central,Corporate Sales,FURN-201,Furniture,Chairs,ErgoMesh Office Chair,5,13751.76,10,68758.80,6875.88,61882.92,8676.30,43381.50,18501.42,UPI,Delivered,Maya Shah
ORD-000692,2024-05-29,CUS-0037,Diya Agarwal,Consumer,India,Chhattisgarh,Raipur,Central,Retail Store,FURN-202,Furniture,Desks,Oak Standing Desk,4,30079.21,10,120316.84,12031.68,108285.16,18170.68,72682.72,35602.44,Credit Card,Delivered,Neil Gupta
ORD-000853,2024-05-31,CUS-0319,Ananya Shah,Consumer,India,Odisha,Bhubaneswar,East,Online Store,ELEC-103,Electronics,Audio,Pulse Wireless Headphones,5,6241.07,0,31205.35,0.00,31205.35,3227.05,16135.25,15070.10,Credit Card,Delivered,Ira Nair
ORD-001067,2024-05-31,CUS-0068,Kavya Singh,Enterprise,India,Odisha,Bhubaneswar,East,Corporate Sales,ELEC-101,Electronics,Laptops,ApexBook 14 Laptop,18,68836.67,0,1239060.06,0.00,1239060.06,53887.33,969971.94,269088.12,Debit Card,Shipped,Karan Singh
ORD-000316,2024-06-02,CUS-0212,Kabir Verma,Consumer,India,Karnataka,Bengaluru,South,Online Store,FURN-201,Furniture,Chairs,ErgoMesh Office Chair,2,13480.81,5,26961.62,1348.08,25613.54,8608.65,17217.30,8396.24,Debit Card,Delivered,Anjali Mehta
ORD-001228,2024-06-03,CUS-0260,Diya Singh,Small Business,India,Maharashtra,Pune,West,Marketplace,ELEC-105,Electronics,Monitors,Vision 27-inch Monitor,5,21160.03,20,105800.15,21160.03,84640.12,14908.20,74541.00,10099.12,Credit Card,Processing,Dev Patel
ORD-000147,2024-06-04,CUS-0290,Rohan Sharma,Small Business,India,Gujarat,Ahmedabad,West,Corporate Sales,OFFC-303,Office Supplies,Organization,Desktop Organizer,1,1372.13,0,1372.13,0.00,1372.13,627.24,627.24,744.89,Bank Transfer,Delivered,Anjali Mehta
ORD-000425,2024-06-04,CUS-0247,Aarav Sharma,Consumer,India,Tamil Nadu,Chennai,South,Online Store,ELEC-105,Electronics,Monitors,Vision 27-inch Monitor,5,21535.93,0,107679.65,0.00,107679.65,14850.55,74252.75,0.00,Cash on Delivery,Cancelled,Dev Patel
ORD-000752,2024-06-04,CUS-0227,Rahul Patel,Consumer,India,West Bengal,Kolkata,East,Marketplace,ELEC-105,Electronics,Monitors,Vision 27-inch Monitor,7,23023.85,0,161166.95,0.00,161166.95,14783.79,103486.53,57680.42,Bank Transfer,Shipped,Anjali Mehta
ORD-000517,2024-06-05,CUS-0139,Rahul Mehta,Small Business,India,Delhi,New Delhi,North,Marketplace,OFFC-301,Office Supplies,Paper,A4 Copy Paper Box,6,1985.66,10,11913.96,1191.40,10722.56,1072.87,6437.22,0.00,Wallet,Cancelled,Anjali Mehta
ORD-000954,2024-06-05,CUS-0214,Ananya Nair,Consumer,India,Telangana,Hyderabad,South,Marketplace,ELEC-104,Electronics,Accessories,65W USB-C Charger,4,2494.85,0,9979.40,0.00,9979.40,1188.27,4753.08,5226.32,Credit Card,Delivered,Samar Joshi
ORD-001107,2024-06-06,CUS-0196,Aditi Sharma,Consumer,India,Karnataka,Bengaluru,South,Retail Store,FURN-201,Furniture,Chairs,ErgoMesh Office Chair,5,13812.08,15,69060.40,10359.06,58701.34,8530.57,42652.85,16048.49,Debit Card,Delivered,Neil Gupta
ORD-000115,2024-06-07,CUS-0007,Riya Rao,Consumer,India,Telangana,Hyderabad,South,Online Store,ELEC-102,Electronics,Smartphones,Nova X5 Smartphone,2,33210.16,5,66420.32,3321.02,63099.30,25478.38,50956.76,12142.54,Cash on Delivery,Delivered,Anjali Mehta
ORD-000884,2024-06-07,CUS-0284,Saanvi Iyer,Enterprise,India,Maharashtra,Pune,West,Corporate Sales,FURN-201,Furniture,Chairs,ErgoMesh Office Chair,9,14348.39,0,129135.51,0.00,129135.51,8432.12,75889.08,53246.43,Bank Transfer,Delivered,Dev Patel
ORD-001247,2024-06-07,CUS-0047,Arjun Verma,Small Business,India,Punjab,Chandigarh,North,Online Store,OFFC-304,Office Supplies,Notebooks,Executive Notebook Set,3,915.69,10,2747.07,274.71,2472.36,393.91,1181.73,1290.63,Credit Card,Delivered,Samar Joshi
ORD-000250,2024-06-08,CUS-0018,Rohan Nair,Consumer,India,Uttar Pradesh,Noida,North,Online Store,OFFC-304,Office Supplies,Notebooks,Executive Notebook Set,4,871.87,15,3487.48,523.12,2964.36,388.00,1552.00,1412.36,Debit Card,Delivered,Anjali Mehta
ORD-001172,2024-06-08,CUS-0269,Priya Rao,Consumer,India,Chhattisgarh,Raipur,Central,Marketplace,FURN-203,Furniture,Storage,Steel Filing Cabinet,3,9462.82,10,28388.46,2838.85,25549.61,5818.29,17454.87,8094.74,Bank Transfer,Delivered,Ritu Sharma
ORD-001114,2024-06-09,CUS-0223,Akash Kapoor,Consumer,India,Rajasthan,Jaipur,North,Retail Store,FURN-202,Furniture,Desks,Oak Standing Desk,5,30730.35,15,153651.75,23047.76,130603.99,18981.80,94909.00,35694.99,Cash on Delivery,Delivered,Anjali Mehta
ORD-000361,2024-06-10,CUS-0033,Diya Sharma,Small Business,India,Gujarat,Surat,West,Corporate Sales,FURN-204,Furniture,Tables,Metro Conference Table,5,38767.72,0,193838.60,0.00,193838.60,26317.87,131589.35,62249.25,Bank Transfer,Delivered,Ira Nair
ORD-001124,2024-06-11,CUS-0220,Aditi Desai,Enterprise,India,Gujarat,Surat,West,Corporate Sales,ELEC-101,Electronics,Laptops,ApexBook 14 Laptop,20,76130.98,10,1522619.60,152261.96,1370357.64,54065.43,1081308.60,289049.04,Debit Card,Shipped,Maya Shah
ORD-000010,2024-06-13,CUS-0263,Kavya Joshi,Small Business,India,Gujarat,Ahmedabad,West,Retail Store,OFFC-302,Office Supplies,Writing,Premium Pen Pack,2,482.95,5,965.90,48.30,917.60,208.94,417.88,499.72,Debit Card,Delivered,Karan Singh
ORD-000976,2024-06-14,CUS-0252,Diya Jain,Consumer,India,Madhya Pradesh,Indore,Central,Corporate Sales,ELEC-104,Electronics,Accessories,65W USB-C Charger,6,2421.21,5,14527.26,726.36,13800.90,1162.81,6976.86,6824.04,Credit Card,Delivered,Neil Gupta
ORD-001104,2024-06-14,CUS-0127,Meera Jain,Consumer,India,Punjab,Chandigarh,North,Marketplace,ELEC-104,Electronics,Accessories,65W USB-C Charger,3,2542.75,5,7628.25,381.41,7246.84,1173.56,3520.68,3726.16,Wallet,Delivered,Samar Joshi
ORD-001106,2024-06-15,CUS-0083,Ishaan Nair,Consumer,India,Rajasthan,Jaipur,North,Online Store,ELEC-103,Electronics,Audio,Pulse Wireless Headphones,4,5936.78,5,23747.12,1187.36,22559.76,3367.60,13470.40,9089.36,Bank Transfer,Delivered,Karan Singh
ORD-000993,2024-06-17,CUS-0081,Aditi Joshi,Consumer,India,Madhya Pradesh,Indore,Central,Retail Store,ELEC-101,Electronics,Laptops,ApexBook 14 Laptop,3,70521.84,5,211565.52,10578.28,200987.24,55114.07,165342.21,35645.03,Credit Card,Processing,Dev Patel
ORD-000618,2024-06-19,CUS-0088,Ishaan Nair,Consumer,India,Odisha,Bhubaneswar,East,Online Store,OFFC-302,Office Supplies,Writing,Premium Pen Pack,5,524.72,20,2623.60,524.72,2098.88,212.58,1062.90,1035.98,Wallet,Delivered,Ritu Sharma
ORD-000398,2024-06-21,CUS-0013,Riya Verma,Enterprise,India,Rajasthan,Jaipur,North,Retail Store,SOFT-402,Software,Security,SecurePro Endpoint License,4,5239.35,5,20957.40,1047.87,19909.53,1379.93,5519.72,14389.81,Bank Transfer,Delivered,Ira Nair
ORD-000732,2024-06-21,CUS-0068,Kavya Singh,Enterprise,India,Uttar Pradesh,Noida,North,Corporate Sales,FURN-204,Furniture,Tables,Metro Conference Table,12,40727.10,5,488725.20,24436.26,464288.94,26256.14,315073.68,149215.26,Wallet,Delivered,Karan Singh
ORD-001095,2024-06-23,CUS-0195,Akash Rao,Consumer,India,Maharashtra,Mumbai,West,Corporate Sales,SOFT-402,Software,Security,SecurePro Endpoint License,6,4976.65,10,29859.90,2985.99,26873.91,1362.25,8173.50,18700.41,Cash on Delivery,Delivered,Ira Nair
ORD-000048,2024-06-24,CUS-0018,Rohan Nair,Consumer,India,Delhi,New Delhi,North,Corporate Sales,ELEC-105,Electronics,Monitors,Vision 27-inch Monitor,3,22167.86,10,66503.58,6650.36,59853.22,15331.72,45995.16,13858.06,UPI,Processing,Ira Nair
ORD-000261,2024-06-25,CUS-0203,Saanvi Gupta,Small Business,India,Karnataka,Mysuru,South,Marketplace,OFFC-302,Office Supplies,Writing,Premium Pen Pack,6,484.31,10,2905.86,290.59,2615.27,203.80,1222.80,0.00,Debit Card,Cancelled,Ira Nair
ORD-000979,2024-06-25,CUS-0212,Kabir Verma,Consumer,India,Gujarat,Ahmedabad,West,Corporate Sales,ELEC-101,Electronics,Laptops,ApexBook 14 Laptop,5,70374.20,5,351871.00,17593.55,334277.45,54633.92,273169.60,61107.85,UPI,Returned,Samar Joshi
ORD-000003,2024-06-26,CUS-0223,Akash Kapoor,Consumer,India,Maharashtra,Mumbai,West,Online Store,FURN-202,Furniture,Desks,Oak Standing Desk,7,28413.75,10,198896.25,19889.63,179006.62,18582.86,130080.02,48926.60,Debit Card,Delivered,Samar Joshi
ORD-000665,2024-06-26,CUS-0278,Ishaan Gupta,Small Business,India,Karnataka,Mysuru,South,Retail Store,ELEC-105,Electronics,Monitors,Vision 27-inch Monitor,3,21709.88,5,65129.64,3256.48,61873.16,15482.24,46446.72,15426.44,Bank Transfer,Delivered,Samar Joshi
ORD-000280,2024-06-27,CUS-0277,Rahul Patel,Consumer,India,Punjab,Chandigarh,North,Marketplace,OFFC-301,Office Supplies,Paper,A4 Copy Paper Box,6,1874.31,0,11245.86,0.00,11245.86,1085.19,6511.14,4734.72,Wallet,Delivered,Anjali Mehta
ORD-001076,2024-06-27,CUS-0013,Riya Verma,Enterprise,India,West Bengal,Kolkata,East,Corporate Sales,FURN-201,Furniture,Chairs,ErgoMesh Office Chair,18,14385.64,5,258941.52,12947.08,245994.44,8694.53,156501.54,89492.90,Wallet,Delivered,Neil Gupta
ORD-001217,2024-06-27,CUS-0199,Zoya Desai,Consumer,India,Chhattisgarh,Raipur,Central,Online Store,APPL-502,Appliances,Climate,PureAir Room Purifier,4,17695.34,0,70781.36,0.00,70781.36,10118.16,40472.64,30308.72,Cash on Delivery,Delivered,Karan Singh
ORD-000662,2024-07-02,CUS-0060,Priya Kapoor,Consumer,India,Chhattisgarh,Raipur,Central,Online Store,ELEC-105,Electronics,Monitors,Vision 27-inch Monitor,1,22455.03,15,22455.03,3368.25,19086.78,15450.49,15450.49,3636.29,Debit Card,Delivered,Karan Singh
ORD-000828,2024-07-03,CUS-0245,Diya Verma,Consumer,India,Punjab,Chandigarh,North,Marketplace,OFFC-304,Office Supplies,Notebooks,Executive Notebook Set,7,889.87,0,6229.09,0.00,6229.09,399.73,2798.11,3430.98,UPI,Delivered,Neil Gupta
ORD-000592,2024-07-04,CUS-0124,Rohan Sharma,Consumer,India,Odisha,Bhubaneswar,East,Marketplace,OFFC-302,Office Supplies,Writing,Premium Pen Pack,6,526.18,0,3157.08,0.00,3157.08,208.10,1248.60,1908.48,Wallet,Shipped,Anjali Mehta
ORD-000005,2024-07-05,CUS-0283,Arjun Mehta,Small Business,India,Karnataka,Mysuru,South,Marketplace,ELEC-102,Electronics,Smartphones,Nova X5 Smartphone,4,34284.73,0,137138.92,0.00,137138.92,24057.90,96231.60,40907.32,Wallet,Returned,Samar Joshi
ORD-001141,2024-07-05,CUS-0212,Kabir Verma,Consumer,India,Maharashtra,Pune,West,Online Store,SOFT-402,Software,Security,SecurePro Endpoint License,5,5141.60,10,25708.00,2570.80,23137.20,1412.63,7063.15,16074.05,Credit Card,Delivered,Dev Patel
ORD-001142,2024-07-05,CUS-0317,Saanvi Singh,Consumer,India,Karnataka,Mysuru,South,Online Store,OFFC-303,Office Supplies,Organization,Desktop Organizer,7,1260.39,0,8822.73,0.00,8822.73,600.99,4206.93,0.00,UPI,Cancelled,Samar Joshi
ORD-000137,2024-07-06,CUS-0296,Vikram Gupta,Consumer,India,Chhattisgarh,Raipur,Central,Online Store,ELEC-104,Electronics,Accessories,65W USB-C Charger,6,2523.75,5,15142.50,757.13,14385.37,1173.05,7038.30,7347.07,Bank Transfer,Delivered,Anjali Mehta
ORD-000231,2024-07-06,CUS-0131,Vikram Nair,Consumer,India,Telangana,Hyderabad,South,Marketplace,SOFT-402,Software,Security,SecurePro Endpoint License,7,4831.49,0,33820.43,0.00,33820.43,1409.77,9868.39,23952.04,Bank Transfer,Delivered,Ira Nair
ORD-000788,2024-07-06,CUS-0072,Meera Agarwal,Small Business,India,Chhattisgarh,Raipur,Central,Corporate Sales,OFFC-304,Office Supplies,Notebooks,Executive Notebook Set,7,847.98,0,5935.86,0.00,5935.86,387.60,2713.20,3222.66,UPI,Delivered,Anjali Mehta
ORD-001068,2024-07-06,CUS-0122,Kavya Gupta,Small Business,India,Chhattisgarh,Raipur,Central,Corporate Sales,ELEC-105,Electronics,Monitors,Vision 27-inch Monitor,2,22850.89,5,45701.78,2285.09,43416.69,15373.89,30747.78,12668.91,Wallet,Delivered,Ira Nair
ORD-000527,2024-07-07,CUS-0083,Ishaan Nair,Consumer,India,Rajasthan,Jaipur,North,Marketplace,FURN-202,Furniture,Desks,Oak Standing Desk,7,28031.30,10,196219.10,19621.91,176597.19,18367.48,128572.36,48024.83,Debit Card,Delivered,Samar Joshi
ORD-001206,2024-07-07,CUS-0318,Akash Agarwal,Consumer,India,Delhi,New Delhi,North,Online Store,ELEC-105,Electronics,Monitors,Vision 27-inch Monitor,3,22286.20,25,66858.60,16714.65,50143.95,15297.08,45891.24,4252.71,Debit Card,Delivered,Karan Singh
ORD-001098,2024-07-08,CUS-0289,Nikhil Rao,Consumer,India,Tamil Nadu,Chennai,South,Online Store,SOFT-401,Software,Productivity,OfficeSuite Annual License,6,7757.89,10,46547.34,4654.73,41892.61,2251.81,13510.86,28381.75,UPI,Shipped,Karan Singh
ORD-000826,2024-07-10,CUS-0205,Nikhil Sharma,Small Business,India,Maharashtra,Mumbai,West,Online Store,APPL-501,Appliances,Kitchen,BrewMaster Coffee Machine,6,12487.34,15,74924.04,11238.61,63685.43,7287.66,43725.96,19959.47,Wallet,Delivered,Samar Joshi
ORD-001202,2024-07-11,CUS-0220,Aditi Desai,Enterprise,India,Chhattisgarh,Raipur,Central,Corporate Sales,ELEC-103,Electronics,Audio,Pulse Wireless Headphones,16,5962.80,5,95404.80,4770.24,90634.56,3244.26,51908.16,38726.40,Debit Card,Delivered,Dev Patel
ORD-000194,2024-07-12,CUS-0240,Saanvi Gupta,Consumer,India,Rajasthan,Jaipur,North,Online Store,OFFC-301,Office Supplies,Paper,A4 Copy Paper Box,6,1864.41,5,11186.46,559.32,10627.14,1108.12,6648.72,3978.42,Credit Card,Delivered,Ritu Sharma
ORD-000756,2024-07-12,CUS-0259,Kabir Rao,Enterprise,India,Karnataka,Mysuru,South,Corporate Sales,SOFT-402,Software,Security,SecurePro Endpoint License,19,5266.81,5,100069.39,5003.47,95065.92,1396.76,26538.44,68527.48,Wallet,Shipped,Ira Nair
ORD-001026,2024-07-12,CUS-0022,Rohan Mehta,Consumer,India,Madhya Pradesh,Indore,Central,Retail Store,OFFC-301,Office Supplies,Paper,A4 Copy Paper Box,1,1980.85,0,1980.85,0.00,1980.85,1104.00,1104.00,876.85,Credit Card,Delivered,Anjali Mehta
ORD-001015,2024-07-13,CUS-0228,Neha Verma,Small Business,India,Odisha,Bhubaneswar,East,Corporate Sales,ELEC-103,Electronics,Audio,Pulse Wireless Headphones,3,6267.55,5,18802.65,940.13,17862.52,3286.41,9859.23,8003.29,Wallet,Shipped,Ira Nair
ORD-000338,2024-07-15,CUS-0020,Aditi Singh,Consumer,India,Telangana,Hyderabad,South,Corporate Sales,SOFT-402,Software,Security,SecurePro Endpoint License,1,5017.00,5,5017.00,250.85,4766.15,1403.34,1403.34,3362.81,Wallet,Delivered,Anjali Mehta
ORD-001125,2024-07-15,CUS-0295,Arjun Rao,Consumer,India,Gujarat,Ahmedabad,West,Corporate Sales,SOFT-402,Software,Security,SecurePro Endpoint License,2,5119.13,20,10238.26,2047.65,8190.61,1399.26,2798.52,5392.09,Wallet,Delivered,Dev Patel
ORD-000185,2024-07-16,CUS-0169,Diya Desai,Enterprise,India,Uttar Pradesh,Noida,North,Corporate Sales,SOFT-403,Software,Design,DesignFlow Annual License,15,14236.67,10,213550.05,21355.01,192195.04,4229.55,63443.25,128751.79,Credit Card,Delivered,Dev Patel
ORD-000375,2024-07-16,CUS-0227,Rahul Patel,Consumer,India,Gujarat,Surat,West,Retail Store,FURN-201,Furniture,Chairs,ErgoMesh Office Chair,1,14537.38,0,14537.38,0.00,14537.38,8396.87,8396.87,6140.51,Cash on Delivery,Delivered,Maya Shah
ORD-000302,2024-07-17,CUS-0240,Saanvi Gupta,Consumer,India,Karnataka,Bengaluru,South,Corporate Sales,ELEC-103,Electronics,Audio,Pulse Wireless Headphones,7,6142.99,10,43000.93,4300.09,38700.84,3258.75,22811.25,15889.59,Wallet,Delivered,Karan Singh
ORD-000675,2024-07-18,CUS-0194,Diya Gupta,Consumer,India,Punjab,Chandigarh,North,Retail Store,ELEC-103,Electronics,Audio,Pulse Wireless Headphones,4,6224.15,0,24896.60,0.00,24896.60,3349.73,13398.92,11497.68,Credit Card,Processing,Karan Singh
ORD-000785,2024-07-18,CUS-0168,Saanvi Shah,Small Business,India,Gujarat,Surat,West,Corporate Sales,FURN-202,Furniture,Desks,Oak Standing Desk,1,29069.36,0,29069.36,0.00,29069.36,18393.44,18393.44,10675.92,Cash on Delivery,Delivered,Ritu Sharma
ORD-000170,2024-07-19,CUS-0060,Priya Kapoor,Consumer,India,Odisha,Bhubaneswar,East,Corporate Sales,FURN-204,Furniture,Tables,Metro Conference Table,1,39236.16,0,39236.16,0.00,39236.16,26241.54,26241.54,12994.62,Wallet,Delivered,Ritu Sharma
ORD-000933,2024-07-19,CUS-0280,Aarav Verma,Consumer,India,Karnataka,Bengaluru,South,Corporate Sales,SOFT-403,Software,Design,DesignFlow Annual License,3,15634.13,15,46902.39,7035.36,39867.03,4252.41,12757.23,27109.80,Wallet,Shipped,Karan Singh
ORD-001210,2024-07-19,CUS-0255,Priya Sharma,Small Business,India,Rajasthan,Jaipur,North,Retail Store,ELEC-102,Electronics,Smartphones,Nova X5 Smartphone,2,34843.29,25,69686.58,17421.65,52264.93,25203.54,50407.08,1857.85,UPI,Processing,Karan Singh
ORD-000312,2024-07-20,CUS-0305,Neha Desai,Enterprise,India,Punjab,Chandigarh,North,Corporate Sales,ELEC-101,Electronics,Laptops,ApexBook 14 Laptop,6,74061.72,5,444370.32,22218.52,422151.80,54677.62,328065.72,94086.08,UPI,Delivered,Anjali Mehta
ORD-000697,2024-07-20,CUS-0196,Aditi Sharma,Consumer,India,Telangana,Hyderabad,South,Retail Store,APPL-502,Appliances,Climate,PureAir Room Purifier,2,16089.56,5,32179.12,1608.96,30570.16,10515.64,21031.28,9538.88,Debit Card,Delivered,Ira Nair
ORD-000567,2024-07-21,CUS-0172,Aisha Jain,Enterprise,India,Telangana,Hyderabad,South,Corporate Sales,ELEC-105,Electronics,Monitors,Vision 27-inch Monitor,16,21578.69,5,345259.04,17262.95,327996.09,14856.82,237709.12,90286.97,Cash on Delivery,Delivered,Maya Shah
ORD-001145,2024-07-21,CUS-0088,Ishaan Nair,Consumer,India,Rajasthan,Jaipur,North,Online Store,SOFT-403,Software,Design,DesignFlow Annual License,2,15297.76,10,30595.52,3059.55,27535.97,4220.35,8440.70,19095.27,UPI,Delivered,Karan Singh
ORD-000339,2024-07-22,CUS-0088,Ishaan Nair,Consumer,India,Uttar Pradesh,Noida,North,Online Store,SOFT-402,Software,Security,SecurePro Endpoint License,7,4818.09,25,33726.63,8431.66,25294.97,1425.70,9979.90,15315.07,Wallet,Delivered,Neil Gupta
ORD-001195,2024-07-22,CUS-0096,Riya Agarwal,Consumer,India,West Bengal,Kolkata,East,Retail Store,FURN-203,Furniture,Storage,Steel Filing Cabinet,3,9712.63,5,29137.89,1456.89,27681.00,5814.63,17443.89,0.00,Debit Card,Cancelled,Karan Singh
ORD-000660,2024-07-23,CUS-0095,Nikhil Patel,Small Business,India,Maharashtra,Pune,West,Retail Store,ELEC-101,Electronics,Laptops,ApexBook 14 Laptop,4,73169.64,15,292678.56,43901.78,248776.78,55565.49,222261.96,26514.82,Debit Card,Delivered,Ritu Sharma
ORD-000228,2024-07-24,CUS-0281,Kabir Mehta,Consumer,India,Madhya Pradesh,Indore,Central,Online Store,ELEC-104,Electronics,Accessories,65W USB-C Charger,5,2512.40,10,12562.00,1256.20,11305.80,1200.81,6004.05,5301.75,Debit Card,Delivered,Ira Nair
ORD-000248,2024-07-24,CUS-0020,Aditi Singh,Consumer,India,Gujarat,Ahmedabad,West,Online Store,ELEC-101,Electronics,Laptops,ApexBook 14 Laptop,4,76524.37,25,306097.48,76524.37,229573.11,53254.73,213018.92,16554.19,Credit Card,Delivered,Ira Nair
ORD-001100,2024-07-24,CUS-0052,Aarav Desai,Consumer,India,Punjab,Chandigarh,North,Marketplace,OFFC-302,Office Supplies,Writing,Premium Pen Pack,7,495.16,0,3466.12,0.00,3466.12,211.85,1482.95,1983.17,Bank Transfer,Delivered,Ira Nair
ORD-000423,2024-07-26,CUS-0236,Akash Jain,Enterprise,India,Tamil Nadu,Chennai,South,Online Store,ELEC-104,Electronics,Accessories,65W USB-C Charger,19,2553.23,5,48511.37,2425.57,46085.80,1165.08,22136.52,23949.28,Cash on Delivery,Delivered,Dev Patel
ORD-000713,2024-07-26,CUS-0282,Kabir Singh,Small Business,India,Gujarat,Ahmedabad,West,Corporate Sales,OFFC-303,Office Supplies,Organization,Desktop Organizer,4,1300.82,5,5203.28,260.16,4943.12,610.74,2442.96,2500.16,Debit Card,Delivered,Karan Singh
ORD-000780,2024-07-27,CUS-0045,Riya Jain,Small Business,India,Uttar Pradesh,Noida,North,Retail Store,FURN-202,Furniture,Desks,Oak Standing Desk,1,29830.09,10,29830.09,2983.01,26847.08,18499.36,18499.36,8347.72,Debit Card,Delivered,Anjali Mehta
ORD-000347,2024-07-29,CUS-0051,Riya Gupta,Consumer,India,Maharashtra,Pune,West,Online Store,ELEC-104,Electronics,Accessories,65W USB-C Charger,7,2473.80,5,17316.60,865.83,16450.77,1194.04,8358.28,8092.49,Bank Transfer,Delivered,Neil Gupta
ORD-000538,2024-07-31,CUS-0135,Aisha Agarwal,Consumer,India,Maharashtra,Pune,West,Retail Store,ELEC-101,Electronics,Laptops,ApexBook 14 Laptop,5,70261.36,15,351306.80,52696.02,298610.78,53487.22,267436.10,31174.68,Cash on Delivery,Shipped,Maya Shah
ORD-000575,2024-07-31,CUS-0302,Zoya Sharma,Enterprise,India,Rajasthan,Jaipur,North,Corporate Sales,FURN-201,Furniture,Chairs,ErgoMesh Office Chair,15,14796.42,20,221946.30,44389.26,177557.04,8483.25,127248.75,50308.29,UPI,Delivered,Neil Gupta
ORD-000958,2024-07-31,CUS-0256,Arjun Sharma,Small Business,India,Madhya Pradesh,Indore,Central,Retail Store,OFFC-301,Office Supplies,Paper,A4 Copy Paper Box,4,1793.63,0,7174.52,0.00,7174.52,1068.99,4275.96,2898.56,Wallet,Delivered,Ira Nair
ORD-001212,2024-07-31,CUS-0013,Riya Verma,Enterprise,India,Gujarat,Surat,West,Corporate Sales,OFFC-304,Office Supplies,Notebooks,Executive Notebook Set,19,950.29,10,18055.51,1805.55,16249.96,390.16,7413.04,8836.92,Credit Card,Delivered,Samar Joshi
ORD-000211,2024-08-01,CUS-0309,Ishaan Joshi,Consumer,India,Chhattisgarh,Raipur,Central,Online Store,SOFT-401,Software,Productivity,OfficeSuite Annual License,7,7687.17,5,53810.19,2690.51,51119.68,2185.68,15299.76,35819.92,Wallet,Delivered,Karan Singh
ORD-001039,2024-08-02,CUS-0210,Kabir Sharma,Consumer,India,Maharashtra,Mumbai,West,Marketplace,SOFT-403,Software,Design,DesignFlow Annual License,6,14995.90,0,89975.40,0.00,89975.40,4240.53,25443.18,64532.22,Cash on Delivery,Delivered,Ira Nair
ORD-000002,2024-08-04,CUS-0071,Priya Joshi,Consumer,India,Karnataka,Mysuru,South,Corporate Sales,SOFT-403,Software,Design,DesignFlow Annual License,1,15707.03,0,15707.03,0.00,15707.03,4203.99,4203.99,0.00,Credit Card,Cancelled,Maya Shah
ORD-000239,2024-08-05,CUS-0152,Arjun Iyer,Consumer,India,Rajasthan,Jaipur,North,Corporate Sales,OFFC-301,Office Supplies,Paper,A4 Copy Paper Box,3,1813.18,20,5439.54,1087.91,4351.63,1082.08,3246.24,1105.39,Credit Card,Delivered,Maya Shah
ORD-000298,2024-08-05,CUS-0233,Akash Sharma,Consumer,India,Punjab,Chandigarh,North,Retail Store,ELEC-103,Electronics,Audio,Pulse Wireless Headphones,3,6337.01,15,19011.03,2851.65,16159.38,3293.39,9880.17,6279.21,Bank Transfer,Processing,Maya Shah
ORD-000274,2024-08-06,CUS-0009,Rahul Singh,Consumer,India,Gujarat,Surat,West,Marketplace,FURN-203,Furniture,Storage,Steel Filing Cabinet,3,10038.72,0,30116.16,0.00,30116.16,5734.50,17203.50,12912.66,Debit Card,Delivered,Neil Gupta
ORD-001166,2024-08-06,CUS-0079,Aditi Shah,Enterprise,India,Odisha,Bhubaneswar,East,Online Store,OFFC-304,Office Supplies,Notebooks,Executive Notebook Set,4,867.36,5,3469.44,173.47,3295.97,394.28,1577.12,0.00,Credit Card,Cancelled,Dev Patel
ORD-000062,2024-08-07,CUS-0301,Rohan Desai,Consumer,India,Delhi,New Delhi,North,Marketplace,FURN-204,Furniture,Tables,Metro Conference Table,5,37690.72,0,188453.60,0.00,188453.60,27218.24,136091.20,52362.40,Credit Card,Delivered,Karan Singh
ORD-001181,2024-08-07,CUS-0283,Arjun Mehta,Small Business,India,Karnataka,Mysuru,South,Marketplace,APPL-501,Appliances,Kitchen,BrewMaster Coffee Machine,2,12029.30,15,24058.60,3608.79,20449.81,7264.68,14529.36,5920.45,Wallet,Returned,Ira Nair
ORD-000155,2024-08-08,CUS-0315,Neha Patel,Consumer,India,Uttar Pradesh,Noida,North,Corporate Sales,FURN-201,Furniture,Chairs,ErgoMesh Office Chair,6,14448.19,15,86689.14,13003.37,73685.77,8402.65,50415.90,23269.87,Bank Transfer,Delivered,Dev Patel
ORD-000035,2024-08-10,CUS-0279,Meera Nair,Enterprise,India,West Bengal,Kolkata,East,Corporate Sales,SOFT-403,Software,Design,DesignFlow Annual License,3,15614.17,10,46842.51,4684.25,42158.26,4144.96,12434.88,29723.38,Debit Card,Delivered,Neil Gupta
ORD-000549,2024-08-10,CUS-0021,Saanvi Desai,Consumer,India,Tamil Nadu,Chennai,South,Online Store,ELEC-104,Electronics,Accessories,65W USB-C Charger,6,2504.98,10,15029.88,1502.99,13526.89,1162.11,6972.66,6554.23,Wallet,Shipped,Dev Patel
ORD-000100,2024-08-11,CUS-0298,Kabir Jain,Consumer,India,Gujarat,Ahmedabad,West,Retail Store,SOFT-402,Software,Security,SecurePro Endpoint License,3,4736.48,0,14209.44,0.00,14209.44,1400.50,4201.50,0.00,Bank Transfer,Cancelled,Anjali Mehta
ORD-000273,2024-08-12,CUS-0272,Aditi Rao,Enterprise,India,Karnataka,Bengaluru,South,Corporate Sales,APPL-502,Appliances,Climate,PureAir Room Purifier,17,17805.84,10,302699.28,30269.93,272429.35,10346.34,175887.78,96541.57,Credit Card,Delivered,Anjali Mehta
ORD-000583,2024-08-12,CUS-0087,Riya Joshi,Small Business,India,Chhattisgarh,Raipur,Central,Marketplace,SOFT-403,Software,Design,DesignFlow Annual License,5,15403.24,15,77016.20,11552.43,65463.77,4077.85,20389.25,45074.52,Credit Card,Delivered,Ritu Sharma
ORD-000899,2024-08-12,CUS-0082,Aditi Nair,Small Business,India,Madhya Pradesh,Indore,Central,Marketplace,ELEC-101,Electronics,Laptops,ApexBook 14 Laptop,1,72416.20,0,72416.20,0.00,72416.20,53441.46,53441.46,18974.74,Cash on Delivery,Returned,Neil Gupta
ORD-000943,2024-08-14,CUS-0176,Kavya Desai,Consumer,India,Karnataka,Mysuru,South,Marketplace,OFFC-303,Office Supplies,Organization,Desktop Organizer,2,1322.27,0,2644.54,0.00,2644.54,625.65,1251.30,1393.24,Credit Card,Delivered,Neil Gupta
ORD-000171,2024-08-15,CUS-0216,Aditi Patel,Consumer,India,Odisha,Bhubaneswar,East,Marketplace,ELEC-103,Electronics,Audio,Pulse Wireless Headphones,5,6284.84,10,31424.20,3142.42,28281.78,3284.40,16422.00,11859.78,Cash on Delivery,Delivered,Ira Nair
ORD-000178,2024-08-17,CUS-0156,Saanvi Kapoor,Consumer,India,Maharashtra,Pune,West,Marketplace,FURN-203,Furniture,Storage,Steel Filing Cabinet,3,9595.68,10,28787.04,2878.70,25908.34,5657.15,16971.45,8936.89,Credit Card,Delivered,Samar Joshi
ORD-000470,2024-08-17,CUS-0107,Zoya Iyer,Consumer,India,Madhya Pradesh,Indore,Central,Marketplace,FURN-202,Furniture,Desks,Oak Standing Desk,7,30010.26,0,210071.82,0.00,210071.82,19079.61,133557.27,76514.55,Wallet,Processing,Karan Singh
ORD-000601,2024-08-17,CUS-0036,Rohan Iyer,Enterprise,India,Gujarat,Surat,West,Corporate Sales,FURN-203,Furniture,Storage,Steel Filing Cabinet,19,9732.03,5,184908.57,9245.43,175663.14,5600.12,106402.28,69260.86,Cash on Delivery,Delivered,Maya Shah
ORD-000400,2024-08-18,CUS-0137,Aditi Nair,Small Business,India,Gujarat,Ahmedabad,West,Online Store,SOFT-402,Software,Security,SecurePro Endpoint License,7,5211.38,10,36479.66,3647.97,32831.69,1404.25,9829.75,23001.94,Cash on Delivery,Delivered,Ira Nair
ORD-000553,2024-08-18,CUS-0179,Ishaan Mehta,Consumer,India,Tamil Nadu,Chennai,South,Online Store,ELEC-103,Electronics,Audio,Pulse Wireless Headphones,1,5644.23,5,5644.23,282.21,5362.02,3294.11,3294.11,2067.91,Bank Transfer,Delivered,Dev Patel
ORD-000371,2024-08-19,CUS-0101,Priya Desai,Small Business,India,Chhattisgarh,Raipur,Central,Marketplace,APPL-501,Appliances,Kitchen,BrewMaster Coffee Machine,5,11498.43,10,57492.15,5749.22,51742.93,7108.33,35541.65,16201.28,Debit Card,Delivered,Maya Shah
ORD-000496,2024-08-19,CUS-0201,Ananya Agarwal,Consumer,India,Tamil Nadu,Chennai,South,Corporate Sales,ELEC-105,Electronics,Monitors,Vision 27-inch Monitor,6,22129.06,20,132774.36,26554.87,106219.49,15237.64,91425.84,14793.65,Debit Card,Delivered,Maya Shah
ORD-000599,2024-08-19,CUS-0090,Riya Desai,Small Business,India,Karnataka,Bengaluru,South,Online Store,SOFT-403,Software,Design,DesignFlow Annual License,7,14819.47,20,103736.29,20747.26,82989.03,4112.51,28787.57,54201.46,UPI,Shipped,Ira Nair
ORD-000841,2024-08-20,CUS-0104,Riya Verma,Consumer,India,West Bengal,Kolkata,East,Corporate Sales,OFFC-302,Office Supplies,Writing,Premium Pen Pack,1,497.87,0,497.87,0.00,497.87,214.22,214.22,283.65,UPI,Delivered,Neil Gupta
ORD-000409,2024-08-21,CUS-0205,Nikhil Sharma,Small Business,India,Odisha,Bhubaneswar,East,Online Store,SOFT-401,Software,Productivity,OfficeSuite Annual License,5,7601.54,10,38007.70,3800.77,34206.93,2183.25,10916.25,0.00,Credit Card,Cancelled,Ritu Sharma
ORD-000882,2024-08-21,CUS-0278,Ishaan Gupta,Small Business,India,Delhi,New Delhi,North,Marketplace,ELEC-104,Electronics,Accessories,65W USB-C Charger,2,2645.40,5,5290.80,264.54,5026.26,1206.41,2412.82,2613.44,Debit Card,Delivered,Ira Nair
ORD-000367,2024-08-22,CUS-0006,Ishaan Shah,Enterprise,India,Odisha,Bhubaneswar,East,Corporate Sales,ELEC-105,Electronics,Monitors,Vision 27-inch Monitor,18,23157.92,0,416842.56,0.00,416842.56,14912.95,268433.10,0.00,Credit Card,Cancelled,Samar Joshi
ORD-001250,2024-08-22,CUS-0127,Meera Jain,Consumer,India,Uttar Pradesh,Noida,North,Online Store,OFFC-303,Office Supplies,Organization,Desktop Organizer,3,1373.57,0,4120.71,0.00,4120.71,614.81,1844.43,2276.28,Cash on Delivery,Delivered,Anjali Mehta
ORD-000902,2024-08-23,CUS-0197,Saanvi Joshi,Consumer,India,Punjab,Chandigarh,North,Retail Store,ELEC-101,Electronics,Laptops,ApexBook 14 Laptop,2,69013.56,0,138027.12,0.00,138027.12,52631.53,105263.06,32764.06,Wallet,Processing,Ritu Sharma
ORD-000473,2024-08-24,CUS-0136,Nikhil Patel,Consumer,India,Odisha,Bhubaneswar,East,Online Store,APPL-501,Appliances,Kitchen,BrewMaster Coffee Machine,3,12178.87,15,36536.61,5480.49,31056.12,7373.34,22120.02,8936.10,UPI,Delivered,Karan Singh
ORD-000508,2024-08-24,CUS-0242,Riya Patel,Small Business,India,Delhi,New Delhi,North,Retail Store,SOFT-402,Software,Security,SecurePro Endpoint License,2,4914.13,20,9828.26,1965.65,7862.61,1416.94,2833.88,5028.73,Cash on Delivery,Processing,Anjali Mehta
ORD-000927,2024-08-25,CUS-0175,Arjun Joshi,Small Business,India,Uttar Pradesh,Noida,North,Corporate Sales,ELEC-103,Electronics,Audio,Pulse Wireless Headphones,5,5806.80,20,29034.00,5806.80,23227.20,3343.21,16716.05,6511.15,Bank Transfer,Delivered,Dev Patel
ORD-000222,2024-08-28,CUS-0200,Aisha Kapoor,Consumer,India,Odisha,Bhubaneswar,East,Marketplace,FURN-201,Furniture,Chairs,ErgoMesh Office Chair,1,14410.24,5,14410.24,720.51,13689.73,8446.40,8446.40,5243.33,UPI,Shipped,Samar Joshi
ORD-000053,2024-08-29,CUS-0047,Arjun Verma,Small Business,India,Uttar Pradesh,Noida,North,Marketplace,FURN-204,Furniture,Tables,Metro Conference Table,1,39342.39,0,39342.39,0.00,39342.39,26544.35,26544.35,0.00,Debit Card,Cancelled,Dev Patel
ORD-000816,2024-08-29,CUS-0110,Rohan Sharma,Consumer,India,Maharashtra,Mumbai,West,Retail Store,FURN-203,Furniture,Storage,Steel Filing Cabinet,5,9419.80,0,47099.00,0.00,47099.00,5860.39,29301.95,17797.05,Credit Card,Delivered,Karan Singh
ORD-000834,2024-08-31,CUS-0051,Riya Gupta,Consumer,India,Delhi,New Delhi,North,Marketplace,OFFC-303,Office Supplies,Organization,Desktop Organizer,5,1365.96,20,6829.80,1365.96,5463.84,626.95,3134.75,2329.09,UPI,Delivered,Samar Joshi
ORD-000406,2024-09-01,CUS-0161,Aisha Agarwal,Small Business,India,Maharashtra,Mumbai,West,Online Store,FURN-202,Furniture,Desks,Oak Standing Desk,6,30555.59,20,183333.54,36666.71,146666.83,18806.60,112839.60,33827.23,Debit Card,Shipped,Dev Patel
ORD-000974,2024-09-01,CUS-0210,Kabir Sharma,Consumer,India,Gujarat,Ahmedabad,West,Retail Store,SOFT-401,Software,Productivity,OfficeSuite Annual License,7,7590.87,5,53136.09,2656.80,50479.29,2160.18,15121.26,35358.03,Credit Card,Delivered,Karan Singh
ORD-001044,2024-09-03,CUS-0083,Ishaan Nair,Consumer,India,Delhi,New Delhi,North,Marketplace,SOFT-403,Software,Design,DesignFlow Annual License,1,14113.31,15,14113.31,2117.00,11996.31,4196.32,4196.32,7799.99,Credit Card,Delivered,Neil Gupta
ORD-000055,2024-09-04,CUS-0063,Zoya Agarwal,Enterprise,India,Maharashtra,Pune,West,Corporate Sales,ELEC-102,Electronics,Smartphones,Nova X5 Smartphone,15,35860.46,20,537906.90,107581.38,430325.52,25149.40,377241.00,53084.52,Debit Card,Delivered,Neil Gupta
ORD-000249,2024-09-06,CUS-0188,Meera Gupta,Small Business,India,Karnataka,Mysuru,South,Online Store,FURN-204,Furniture,Tables,Metro Conference Table,1,40974.35,0,40974.35,0.00,40974.35,27172.94,27172.94,13801.41,Wallet,Delivered,Samar Joshi
ORD-000284,2024-09-07,CUS-0021,Saanvi Desai,Consumer,India,Gujarat,Ahmedabad,West,Retail Store,SOFT-402,Software,Security,SecurePro Endpoint License,5,4865.56,5,24327.80,1216.39,23111.41,1432.45,7162.25,15949.16,Debit Card,Delivered,Anjali Mehta
ORD-000557,2024-09-07,CUS-0287,Saanvi Jain,Consumer,India,Chhattisgarh,Raipur,Central,Marketplace,OFFC-304,Office Supplies,Notebooks,Executive Notebook Set,4,931.84,10,3727.36,372.74,3354.62,400.39,1601.56,1753.06,Credit Card,Delivered,Ritu Sharma
ORD-000442,2024-09-08,CUS-0090,Riya Desai,Small Business,India,Punjab,Chandigarh,North,Retail Store,SOFT-401,Software,Productivity,OfficeSuite Annual License,7,8154.54,20,57081.78,11416.36,45665.42,2258.46,15809.22,29856.20,Debit Card,Delivered,Neil Gupta
ORD-000722,2024-09-11,CUS-0006,Ishaan Shah,Enterprise,India,Chhattisgarh,Raipur,Central,Corporate Sales,SOFT-402,Software,Security,SecurePro Endpoint License,14,5192.77,15,72698.78,10904.82,61793.96,1421.78,19904.92,41889.04,Debit Card,Delivered,Samar Joshi
ORD-000083,2024-09-12,CUS-0276,Nikhil Rao,Consumer,India,Maharashtra,Mumbai,West,Retail Store,FURN-203,Furniture,Storage,Steel Filing Cabinet,3,9640.72,15,28922.16,4338.32,24583.84,5597.67,16793.01,7790.83,UPI,Delivered,Karan Singh
ORD-000668,2024-09-12,CUS-0287,Saanvi Jain,Consumer,India,Telangana,Hyderabad,South,Marketplace,APPL-502,Appliances,Climate,PureAir Room Purifier,1,16818.82,10,16818.82,1681.88,15136.94,10471.04,10471.04,4665.90,Bank Transfer,Delivered,Dev Patel
ORD-000286,2024-09-14,CUS-0294,Rahul Verma,Consumer,India,Chhattisgarh,Raipur,Central,Retail Store,ELEC-104,Electronics,Accessories,65W USB-C Charger,7,2483.16,0,17382.12,0.00,17382.12,1189.74,8328.18,9053.94,Bank Transfer,Delivered,Ira Nair
ORD-000727,2024-09-14,CUS-0139,Rahul Mehta,Small Business,India,Maharashtra,Mumbai,West,Retail Store,SOFT-401,Software,Productivity,OfficeSuite Annual License,2,8328.01,10,16656.02,1665.60,14990.42,2197.44,4394.88,10595.54,Bank Transfer,Returned,Neil Gupta
ORD-001080,2024-09-14,CUS-0031,Aarav Mehta,Consumer,India,Uttar Pradesh,Noida,North,Online Store,ELEC-101,Electronics,Laptops,ApexBook 14 Laptop,2,70714.14,20,141428.28,28285.66,113142.62,54245.20,108490.40,4652.22,Cash on Delivery,Delivered,Dev Patel
ORD-000854,2024-09-15,CUS-0018,Rohan Nair,Consumer,India,Uttar Pradesh,Noida,North,Retail Store,OFFC-301,Office Supplies,Paper,A4 Copy Paper Box,1,1886.16,5,1886.16,94.31,1791.85,1106.46,1106.46,685.39,UPI,Delivered,Dev Patel
ORD-000156,2024-09-16,CUS-0203,Saanvi Gupta,Small Business,India,Telangana,Hyderabad,South,Retail Store,FURN-204,Furniture,Tables,Metro Conference Table,1,41463.15,5,41463.15,2073.16,39389.99,27137.34,27137.34,12252.65,Credit Card,Delivered,Neil Gupta
ORD-000917,2024-09-16,CUS-0088,Ishaan Nair,Consumer,India,Maharashtra,Pune,West,Retail Store,SOFT-403,Software,Design,DesignFlow Annual License,2,15201.29,5,30402.58,1520.13,28882.45,4220.73,8441.46,20440.99,Credit Card,Processing,Ira Nair
ORD-000959,2024-09-17,CUS-0156,Saanvi Kapoor,Consumer,India,Gujarat,Surat,West,Online Store,ELEC-103,Electronics,Audio,Pulse Wireless Headphones,6,5672.80,0,34036.80,0.00,34036.80,3208.50,19251.00,14785.80,Wallet,Returned,Anjali Mehta
ORD-000615,2024-09-20,CUS-0131,Vikram Nair,Consumer,India,Punjab,Chandigarh,North,Corporate Sales,APPL-502,Appliances,Climate,PureAir Room Purifier,7,17563.46,15,122944.22,18441.63,104502.59,10697.93,74885.51,29617.08,UPI,Delivered,Ritu Sharma
ORD-001161,2024-09-20,CUS-0193,Ananya Verma,Enterprise,India,Uttar Pradesh,Noida,North,Corporate Sales,ELEC-101,Electronics,Laptops,ApexBook 14 Laptop,6,74058.75,5,444352.50,22217.63,422134.87,54372.83,326236.98,95897.89,Debit Card,Delivered,Neil Gupta
ORD-000006,2024-09-21,CUS-0007,Riya Rao,Consumer,India,Gujarat,Ahmedabad,West,Corporate Sales,APPL-502,Appliances,Climate,PureAir Room Purifier,4,17644.67,15,70578.68,10586.80,59991.88,10560.26,42241.04,17750.84,Bank Transfer,Delivered,Maya Shah
ORD-000269,2024-09-21,CUS-0037,Diya Agarwal,Consumer,India,Chhattisgarh,Raipur,Central,Retail Store,ELEC-102,Electronics,Smartphones,Nova X5 Smartphone,3,33295.60,0,99886.80,0.00,99886.80,24059.43,72178.29,27708.51,Cash on Delivery,Processing,Dev Patel
ORD-000643,2024-09-22,CUS-0060,Priya Kapoor,Consumer,India,Gujarat,Surat,West,Retail Store,OFFC-302,Office Supplies,Writing,Premium Pen Pack,2,527.90,15,1055.80,158.37,897.43,215.65,431.30,466.13,Debit Card,Delivered,Anjali Mehta
ORD-000129,2024-09-24,CUS-0114,Arjun Jain,Consumer,India,Karnataka,Bengaluru,South,Retail Store,SOFT-401,Software,Productivity,OfficeSuite Annual License,1,8325.43,0,8325.43,0.00,8325.43,2218.87,2218.87,6106.56,Credit Card,Delivered,Dev Patel
ORD-000522,2024-09-24,CUS-0168,Saanvi Shah,Small Business,India,Punjab,Chandigarh,North,Corporate Sales,OFFC-301,Office Supplies,Paper,A4 Copy Paper Box,6,1945.69,10,11674.14,1167.41,10506.73,1085.38,6512.28,3994.45,Cash on Delivery,Delivered,Karan Singh
ORD-000768,2024-09-24,CUS-0275,Akash Rao,Consumer,India,Punjab,Chandigarh,North,Retail Store,FURN-203,Furniture,Storage,Steel Filing Cabinet,3,9976.78,15,29930.34,4489.55,25440.79,5623.40,16870.20,8570.59,UPI,Delivered,Neil Gupta
ORD-001041,2024-09-25,CUS-0291,Ishaan Nair,Consumer,India,Karnataka,Bengaluru,South,Corporate Sales,SOFT-401,Software,Productivity,OfficeSuite Annual License,6,8035.79,0,48214.74,0.00,48214.74,2178.17,13069.02,0.00,Debit Card,Cancelled,Ritu Sharma
ORD-001072,2024-09-25,CUS-0186,Saanvi Shah,Small Business,India,Punjab,Chandigarh,North,Retail Store,APPL-502,Appliances,Climate,PureAir Room Purifier,3,17527.49,15,52582.47,7887.37,44695.10,10459.43,31378.29,13316.81,UPI,Delivered,Anjali Mehta
ORD-000362,2024-09-27,CUS-0268,Kavya Kapoor,Small Business,India,Karnataka,Mysuru,South,Corporate Sales,OFFC-302,Office Supplies,Writing,Premium Pen Pack,3,488.14,10,1464.42,146.44,1317.98,206.19,618.57,699.41,Credit Card,Shipped,Karan Singh
ORD-000700,2024-09-27,CUS-0133,Rahul Gupta,Enterprise,India,Karnataka,Bengaluru,South,Corporate Sales,OFFC-301,Office Supplies,Paper,A4 Copy Paper Box,19,1812.67,0,34440.73,0.00,34440.73,1048.30,19917.70,14523.03,Bank Transfer,Delivered,Ira Nair
ORD-000875,2024-09-27,CUS-0026,Meera Kapoor,Consumer,India,Delhi,New Delhi,North,Online Store,OFFC-304,Office Supplies,Notebooks,Executive Notebook Set,3,898.47,0,2695.41,0.00,2695.41,385.47,1156.41,1539.00,Wallet,Delivered,Karan Singh
ORD-000804,2024-09-28,CUS-0170,Zoya Jain,Consumer,India,Maharashtra,Mumbai,West,Marketplace,OFFC-302,Office Supplies,Writing,Premium Pen Pack,5,520.63,20,2603.15,520.63,2082.52,207.33,1036.65,1045.87,Credit Card,Delivered,Karan Singh
ORD-001073,2024-09-28,CUS-0222,Priya Verma,Consumer,India,Chhattisgarh,Raipur,Central,Marketplace,APPL-502,Appliances,Climate,PureAir Room Purifier,5,16030.11,10,80150.55,8015.06,72135.49,10281.08,51405.40,20730.09,Bank Transfer,Delivered,Samar Joshi
ORD-000257,2024-09-30,CUS-0122,Kavya Gupta,Small Business,India,Gujarat,Ahmedabad,West,Online Store,APPL-502,Appliances,Climate,PureAir Room Purifier,6,16296.77,20,97780.62,19556.12,78224.50,10672.67,64036.02,14188.48,Debit Card,Delivered,Karan Singh
ORD-000844,2024-09-30,CUS-0312,Ananya Singh,Enterprise,India,Delhi,New Delhi,North,Corporate Sales,OFFC-303,Office Supplies,Organization,Desktop Organizer,4,1262.54,20,5050.16,1010.03,4040.13,595.29,2381.16,1658.97,UPI,Delivered,Maya Shah
ORD-000265,2024-10-01,CUS-0020,Aditi Singh,Consumer,India,Karnataka,Bengaluru,South,Marketplace,FURN-202,Furniture,Desks,Oak Standing Desk,5,28841.58,5,144207.90,7210.40,136997.50,18944.81,94724.05,42273.45,UPI,Delivered,Maya Shah
ORD-000523,2024-10-01,CUS-0231,Akash Patel,Consumer,India,Maharashtra,Pune,West,Corporate Sales,FURN-203,Furniture,Storage,Steel Filing Cabinet,2,9731.94,5,19463.88,973.19,18490.69,5569.26,11138.52,0.00,Cash on Delivery,Cancelled,Samar Joshi
ORD-000850,2024-10-01,CUS-0260,Diya Singh,Small Business,India,Maharashtra,Pune,West,Corporate Sales,OFFC-304,Office Supplies,Notebooks,Executive Notebook Set,6,905.53,5,5433.18,271.66,5161.52,390.86,2345.16,2816.36,Cash on Delivery,Shipped,Ira Nair
ORD-000715,2024-10-02,CUS-0184,Neha Desai,Consumer,India,West Bengal,Kolkata,East,Corporate Sales,OFFC-301,Office Supplies,Paper,A4 Copy Paper Box,3,1878.52,25,5635.56,1408.89,4226.67,1094.26,3282.78,943.89,Wallet,Delivered,Dev Patel
ORD-000862,2024-10-02,CUS-0073,Kabir Iyer,Consumer,India,Uttar Pradesh,Noida,North,Online Store,ELEC-105,Electronics,Monitors,Vision 27-inch Monitor,6,23302.96,0,139817.76,0.00,139817.76,14898.79,89392.74,0.00,Debit Card,Cancelled,Ira Nair
ORD-001025,2024-10-02,CUS-0287,Saanvi Jain,Consumer,India,Uttar Pradesh,Noida,North,Online Store,ELEC-103,Electronics,Audio,Pulse Wireless Headphones,5,6229.02,5,31145.10,1557.26,29587.84,3320.91,16604.55,12983.29,Wallet,Delivered,Neil Gupta
ORD-000023,2024-10-03,CUS-0101,Priya Desai,Small Business,India,Chhattisgarh,Raipur,Central,Online Store,OFFC-301,Office Supplies,Paper,A4 Copy Paper Box,1,1906.53,5,1906.53,95.33,1811.20,1050.60,1050.60,760.60,UPI,Delivered,Ira Nair
ORD-000654,2024-10-03,CUS-0115,Meera Jain,Consumer,India,Gujarat,Surat,West,Online Store,OFFC-303,Office Supplies,Organization,Desktop Organizer,7,1272.12,5,8904.84,445.24,8459.60,596.96,4178.72,4280.88,Credit Card,Delivered,Ira Nair
ORD-001244,2024-10-03,CUS-0061,Saanvi Nair,Small Business,India,Maharashtra,Pune,West,Online Store,APPL-502,Appliances,Climate,PureAir Room Purifier,4,16772.66,5,67090.64,3354.53,63736.11,10471.96,41887.84,21848.27,Cash on Delivery,Delivered,Ritu Sharma
ORD-000136,2024-10-05,CUS-0228,Neha Verma,Small Business,India,West Bengal,Kolkata,East,Marketplace,FURN-203,Furniture,Storage,Steel Filing Cabinet,1,9209.60,0,9209.60,0.00,9209.60,5812.13,5812.13,3397.47,Credit Card,Delivered,Neil Gupta
ORD-000880,2024-10-05,CUS-0179,Ishaan Mehta,Consumer,India,Maharashtra,Pune,West,Retail Store,FURN-201,Furniture,Chairs,ErgoMesh Office Chair,6,13661.40,15,81968.40,12295.26,69673.14,8479.37,50876.22,18796.92,UPI,Delivered,Ira Nair
ORD-000242,2024-10-06,CUS-0172,Aisha Jain,Enterprise,India,Maharashtra,Mumbai,West,Corporate Sales,ELEC-105,Electronics,Monitors,Vision 27-inch Monitor,20,21780.04,5,435600.80,21780.04,413820.76,15548.10,310962.00,102858.76,UPI,Delivered,Maya Shah
ORD-000524,2024-10-07,CUS-0049,Priya Kapoor,Consumer,India,Uttar Pradesh,Noida,North,Marketplace,FURN-202,Furniture,Desks,Oak Standing Desk,4,29312.06,10,117248.24,11724.82,105523.42,18536.21,74144.84,31378.58,Bank Transfer,Returned,Ritu Sharma
ORD-000953,2024-10-07,CUS-0266,Arjun Nair,Consumer,India,Odisha,Bhubaneswar,East,Corporate Sales,OFFC-302,Office Supplies,Writing,Premium Pen Pack,7,470.72,0,3295.04,0.00,3295.04,209.43,1466.01,1829.03,Cash on Delivery,Processing,Maya Shah
ORD-001189,2024-10-07,CUS-0092,Aarav Kapoor,Consumer,India,Tamil Nadu,Chennai,South,Marketplace,ELEC-105,Electronics,Monitors,Vision 27-inch Monitor,4,22658.79,25,90635.16,22658.79,67976.37,15183.55,60734.20,7242.17,Bank Transfer,Delivered,Samar Joshi
ORD-000096,2024-10-08,CUS-0041,Akash Patel,Small Business,India,Madhya Pradesh,Indore,Central,Retail Store,OFFC-301,Office Supplies,Paper,A4 Copy Paper Box,2,2007.15,15,4014.30,602.15,3412.15,1106.23,2212.46,1199.69,Wallet,Delivered,Dev Patel
ORD-000934,2024-10-10,CUS-0053,Vikram Verma,Consumer,India,Tamil Nadu,Chennai,South,Online Store,ELEC-104,Electronics,Accessories,65W USB-C Charger,7,2520.04,5,17640.28,882.01,16758.27,1203.53,8424.71,8333.56,Debit Card,Delivered,Anjali Mehta
ORD-001009,2024-10-10,CUS-0048,Priya Sharma,Consumer,India,Tamil Nadu,Chennai,South,Marketplace,FURN-201,Furniture,Chairs,ErgoMesh Office Chair,1,13245.16,20,13245.16,2649.03,10596.13,8424.73,8424.73,2171.40,Bank Transfer,Delivered,Dev Patel
ORD-001245,2024-10-10,CUS-0052,Aarav Desai,Consumer,India,Delhi,New Delhi,North,Marketplace,ELEC-103,Electronics,Audio,Pulse Wireless Headphones,6,5724.80,0,34348.80,0.00,34348.80,3374.39,20246.34,14102.46,Debit Card,Delivered,Ira Nair
ORD-000174,2024-10-14,CUS-0199,Zoya Desai,Consumer,India,Chhattisgarh,Raipur,Central,Corporate Sales,SOFT-403,Software,Design,DesignFlow Annual License,2,14670.83,10,29341.66,2934.17,26407.49,4221.28,8442.56,17964.93,Wallet,Delivered,Dev Patel
ORD-000783,2024-10-14,CUS-0088,Ishaan Nair,Consumer,India,Chhattisgarh,Raipur,Central,Retail Store,ELEC-105,Electronics,Monitors,Vision 27-inch Monitor,5,22612.15,5,113060.75,5653.04,107407.71,15076.06,75380.30,32027.41,Wallet,Delivered,Samar Joshi
ORD-000259,2024-10-15,CUS-0255,Priya Sharma,Small Business,India,Odisha,Bhubaneswar,East,Marketplace,APPL-501,Appliances,Kitchen,BrewMaster Coffee Machine,5,11305.32,0,56526.60,0.00,56526.60,7468.68,37343.40,19183.20,Credit Card,Returned,Maya Shah
ORD-000402,2024-10-15,CUS-0007,Riya Rao,Consumer,India,Maharashtra,Pune,West,Marketplace,FURN-202,Furniture,Desks,Oak Standing Desk,7,30140.13,5,210980.91,10549.05,200431.86,18205.85,127440.95,72990.91,Bank Transfer,Delivered,Karan Singh
ORD-000714,2024-10-15,CUS-0137,Aditi Nair,Small Business,India,Maharashtra,Mumbai,West,Corporate Sales,FURN-201,Furniture,Chairs,ErgoMesh Office Chair,7,14031.77,0,98222.39,0.00,98222.39,8662.96,60640.72,37581.67,Bank Transfer,Delivered,Anjali Mehta
ORD-000733,2024-10-15,CUS-0295,Arjun Rao,Consumer,India,Telangana,Hyderabad,South,Online Store,OFFC-304,Office Supplies,Notebooks,Executive Notebook Set,5,845.55,0,4227.75,0.00,4227.75,389.25,1946.25,2281.50,Credit Card,Delivered,Samar Joshi
ORD-000272,2024-10-17,CUS-0018,Rohan Nair,Consumer,India,Gujarat,Ahmedabad,West,Online Store,OFFC-302,Office Supplies,Writing,Premium Pen Pack,3,503.21,15,1509.63,226.44,1283.19,206.84,620.52,662.67,Bank Transfer,Delivered,Neil Gupta
ORD-000972,2024-10-18,CUS-0114,Arjun Jain,Consumer,India,Tamil Nadu,Chennai,South,Online Store,APPL-501,Appliances,Kitchen,BrewMaster Coffee Machine,5,11492.57,0,57462.85,0.00,57462.85,7261.46,36307.30,21155.55,Cash on Delivery,Delivered,Ritu Sharma
ORD-000044,2024-10-19,CUS-0288,Aditi Singh,Consumer,India,West Bengal,Kolkata,East,Corporate Sales,FURN-202,Furniture,Desks,Oak Standing Desk,1,29069.10,0,29069.10,0.00,29069.10,19118.62,19118.62,9950.48,Bank Transfer,Delivered,Karan Singh
ORD-000676,2024-10-20,CUS-0219,Meera Shah,Consumer,India,Uttar Pradesh,Noida,North,Retail Store,ELEC-104,Electronics,Accessories,65W USB-C Charger,4,2550.78,0,10203.12,0.00,10203.12,1209.23,4836.92,5366.20,Debit Card,Processing,Ira Nair
ORD-001198,2024-10-20,CUS-0058,Rohan Mehta,Small Business,India,Gujarat,Surat,West,Corporate Sales,FURN-202,Furniture,Desks,Oak Standing Desk,2,28475.85,10,56951.70,5695.17,51256.53,18177.98,36355.96,14900.57,Wallet,Delivered,Anjali Mehta
ORD-000887,2024-10-21,CUS-0151,Diya Sharma,Small Business,India,Maharashtra,Pune,West,Corporate Sales,OFFC-303,Office Supplies,Organization,Desktop Organizer,7,1318.74,15,9231.18,1384.68,7846.50,614.49,4301.43,3545.07,UPI,Delivered,Samar Joshi
ORD-000081,2024-10-23,CUS-0317,Saanvi Singh,Consumer,India,Rajasthan,Jaipur,North,Online Store,OFFC-304,Office Supplies,Notebooks,Executive Notebook Set,1,912.91,10,912.91,91.29,821.62,383.23,383.23,438.39,Cash on Delivery,Shipped,Karan Singh
ORD-000865,2024-10-23,CUS-0083,Ishaan Nair,Consumer,India,Gujarat,Surat,West,Online Store,ELEC-104,Electronics,Accessories,65W USB-C Charger,6,2555.82,5,15334.92,766.75,14568.17,1155.95,6935.70,7632.47,UPI,Delivered,Anjali Mehta
ORD-000686,2024-10-24,CUS-0066,Meera Verma,Small Business,India,Maharashtra,Mumbai,West,Retail Store,ELEC-104,Electronics,Accessories,65W USB-C Charger,2,2417.77,10,4835.54,483.55,4351.99,1202.56,2405.12,1946.87,Wallet,Processing,Ritu Sharma
ORD-000085,2024-10-25,CUS-0157,Kabir Kapoor,Consumer,India,Delhi,New Delhi,North,Marketplace,OFFC-302,Office Supplies,Writing,Premium Pen Pack,3,470.86,5,1412.58,70.63,1341.95,214.82,644.46,697.49,Cash on Delivery,Returned,Maya Shah
ORD-000215,2024-10-25,CUS-0223,Akash Kapoor,Consumer,India,Tamil Nadu,Chennai,South,Retail Store,FURN-203,Furniture,Storage,Steel Filing Cabinet,6,9354.95,0,56129.70,0.00,56129.70,5781.74,34690.44,21439.26,Wallet,Shipped,Dev Patel
ORD-000011,2024-10-26,CUS-0061,Saanvi Nair,Small Business,India,Karnataka,Mysuru,South,Corporate Sales,APPL-501,Appliances,Kitchen,BrewMaster Coffee Machine,2,11766.60,10,23533.20,2353.32,21179.88,7354.99,14709.98,6469.90,Cash on Delivery,Shipped,Neil Gupta
ORD-000181,2024-10-26,CUS-0181,Aisha Iyer,Consumer,India,Odisha,Bhubaneswar,East,Online Store,OFFC-301,Office Supplies,Paper,A4 Copy Paper Box,4,1865.62,5,7462.48,373.12,7089.36,1105.48,4421.92,2667.44,UPI,Delivered,Dev Patel
ORD-000996,2024-10-27,CUS-0307,Diya Jain,Consumer,India,Telangana,Hyderabad,South,Online Store,OFFC-304,Office Supplies,Notebooks,Executive Notebook Set,7,849.88,0,5949.16,0.00,5949.16,392.36,2746.52,3202.64,UPI,Delivered,Ira Nair
ORD-001128,2024-10-27,CUS-0011,Ishaan Joshi,Consumer,India,Odisha,Bhubaneswar,East,Online Store,OFFC-302,Office Supplies,Writing,Premium Pen Pack,3,496.18,10,1488.54,148.85,1339.69,209.64,628.92,710.77,Bank Transfer,Delivered,Neil Gupta
ORD-000150,2024-10-28,CUS-0259,Kabir Rao,Enterprise,India,Punjab,Chandigarh,North,Marketplace,OFFC-301,Office Supplies,Paper,A4 Copy Paper Box,18,1955.76,5,35203.68,1760.18,33443.50,1094.38,19698.84,13744.66,Debit Card,Delivered,Maya Shah
ORD-000131,2024-10-29,CUS-0012,Kabir Singh,Enterprise,India,Punjab,Chandigarh,North,Retail Store,ELEC-101,Electronics,Laptops,ApexBook 14 Laptop,3,72747.66,5,218242.98,10912.15,207330.83,53349.01,160047.03,47283.80,Credit Card,Delivered,Anjali Mehta
ORD-000268,2024-10-29,CUS-0249,Zoya Iyer,Consumer,India,Rajasthan,Jaipur,North,Retail Store,SOFT-402,Software,Security,SecurePro Endpoint License,3,4862.92,10,14588.76,1458.88,13129.88,1406.68,4220.04,8909.84,Debit Card,Returned,Neil Gupta
ORD-000059,2024-10-30,CUS-0315,Neha Patel,Consumer,India,Telangana,Hyderabad,South,Online Store,FURN-202,Furniture,Desks,Oak Standing Desk,3,29044.94,0,87134.82,0.00,87134.82,18758.94,56276.82,30858.00,Cash on Delivery,Shipped,Ritu Sharma
ORD-000500,2024-10-30,CUS-0162,Ishaan Patel,Consumer,India,Madhya Pradesh,Indore,Central,Retail Store,FURN-201,Furniture,Chairs,ErgoMesh Office Chair,5,14478.85,5,72394.25,3619.71,68774.54,8368.61,41843.05,26931.49,UPI,Shipped,Ira Nair
ORD-000227,2024-10-31,CUS-0120,Rahul Kapoor,Consumer,India,Gujarat,Surat,West,Online Store,ELEC-101,Electronics,Laptops,ApexBook 14 Laptop,5,70284.20,5,351421.00,17571.05,333849.95,54093.84,270469.20,63380.75,Cash on Delivery,Shipped,Karan Singh
ORD-000787,2024-10-31,CUS-0198,Nikhil Singh,Consumer,India,Rajasthan,Jaipur,North,Marketplace,ELEC-105,Electronics,Monitors,Vision 27-inch Monitor,2,22142.94,15,44285.88,6642.88,37643.00,14898.17,29796.34,7846.66,Bank Transfer,Delivered,Neil Gupta
ORD-000904,2024-10-31,CUS-0079,Aditi Shah,Enterprise,India,Telangana,Hyderabad,South,Corporate Sales,FURN-202,Furniture,Desks,Oak Standing Desk,18,27818.34,20,500730.12,100146.02,400584.10,19137.37,344472.66,56111.44,UPI,Delivered,Ira Nair
ORD-000157,2024-11-01,CUS-0159,Vikram Jain,Consumer,India,Karnataka,Mysuru,South,Corporate Sales,OFFC-303,Office Supplies,Organization,Desktop Organizer,7,1297.66,0,9083.62,0.00,9083.62,611.68,4281.76,4801.86,UPI,Delivered,Neil Gupta
ORD-001131,2024-11-01,CUS-0015,Rahul Kapoor,Consumer,India,Gujarat,Ahmedabad,West,Marketplace,FURN-201,Furniture,Chairs,ErgoMesh Office Chair,6,14530.90,10,87185.40,8718.54,78466.86,8318.78,49912.68,28554.18,Cash on Delivery,Shipped,Ira Nair
ORD-000765,2024-11-02,CUS-0162,Ishaan Patel,Consumer,India,Delhi,New Delhi,North,Retail Store,ELEC-102,Electronics,Smartphones,Nova X5 Smartphone,5,33097.70,0,165488.50,0.00,165488.50,24152.57,120762.85,44725.65,Cash on Delivery,Shipped,Karan Singh
ORD-000903,2024-11-02,CUS-0292,Zoya Kapoor,Consumer,India,West Bengal,Kolkata,East,Retail Store,ELEC-102,Electronics,Smartphones,Nova X5 Smartphone,6,35977.23,5,215863.38,10793.17,205070.21,24441.02,146646.12,58424.09,Credit Card,Delivered,Ira Nair
ORD-000301,2024-11-06,CUS-0138,Riya Iyer,Small Business,India,West Bengal,Kolkata,East,Corporate Sales,APPL-501,Appliances,Kitchen,BrewMaster Coffee Machine,7,11890.46,0,83233.22,0.00,83233.22,7159.45,50116.15,33117.07,Debit Card,Delivered,Karan Singh
ORD-001167,2024-11-08,CUS-0173,Priya Shah,Enterprise,India,West Bengal,Kolkata,East,Retail Store,FURN-204,Furniture,Tables,Metro Conference Table,16,38762.16,5,620194.56,31009.73,589184.83,26547.31,424756.96,164427.87,Cash on Delivery,Delivered,Dev Patel
ORD-000550,2024-11-09,CUS-0060,Priya Kapoor,Consumer,India,Karnataka,Bengaluru,South,Corporate Sales,ELEC-104,Electronics,Accessories,65W USB-C Charger,4,2381.91,5,9527.64,476.38,9051.26,1196.97,4787.88,0.00,UPI,Cancelled,Dev Patel
ORD-001135,2024-11-09,CUS-0252,Diya Jain,Consumer,India,Uttar Pradesh,Noida,North,Marketplace,APPL-501,Appliances,Kitchen,BrewMaster Coffee Machine,1,12294.54,5,12294.54,614.73,11679.81,7291.68,7291.68,4388.13,Debit Card,Delivered,Ritu Sharma
ORD-000355,2024-11-10,CUS-0134,Diya Desai,Consumer,India,West Bengal,Kolkata,East,Online Store,APPL-502,Appliances,Climate,PureAir Room Purifier,2,16072.95,10,32145.90,3214.59,28931.31,10419.37,20838.74,8092.57,Cash on Delivery,Returned,Neil Gupta
ORD-000494,2024-11-10,CUS-0145,Akash Shah,Consumer,India,Karnataka,Mysuru,South,Retail Store,OFFC-304,Office Supplies,Notebooks,Executive Notebook Set,2,901.12,0,1802.24,0.00,1802.24,392.50,785.00,1017.24,Bank Transfer,Processing,Anjali Mehta
ORD-000526,2024-11-10,CUS-0242,Riya Patel,Small Business,India,Maharashtra,Mumbai,West,Online Store,OFFC-303,Office Supplies,Organization,Desktop Organizer,2,1376.38,0,2752.76,0.00,2752.76,605.19,1210.38,1542.38,Debit Card,Delivered,Karan Singh
ORD-000580,2024-11-11,CUS-0068,Kavya Singh,Enterprise,India,Gujarat,Ahmedabad,West,Corporate Sales,ELEC-102,Electronics,Smartphones,Nova X5 Smartphone,9,37091.29,15,333821.61,50073.24,283748.37,24679.34,222114.06,61634.31,UPI,Delivered,Maya Shah
ORD-000513,2024-11-12,CUS-0183,Saanvi Sharma,Small Business,India,Rajasthan,Jaipur,North,Retail Store,ELEC-102,Electronics,Smartphones,Nova X5 Smartphone,4,36045.11,10,144180.44,14418.04,129762.40,25177.36,100709.44,29052.96,Wallet,Delivered,Dev Patel
ORD-001093,2024-11-14,CUS-0236,Akash Jain,Enterprise,India,Telangana,Hyderabad,South,Corporate Sales,APPL-502,Appliances,Climate,PureAir Room Purifier,20,17175.41,15,343508.20,51526.23,291981.97,10380.69,207613.80,84368.17,Bank Transfer,Delivered,Neil Gupta
ORD-000416,2024-11-15,CUS-0203,Saanvi Gupta,Small Business,India,Madhya Pradesh,Indore,Central,Online Store,ELEC-103,Electronics,Audio,Pulse Wireless Headphones,1,6218.93,5,6218.93,310.95,5907.98,3361.72,3361.72,2546.26,Credit Card,Delivered,Anjali Mehta
ORD-000022,2024-11-17,CUS-0151,Diya Sharma,Small Business,India,Madhya Pradesh,Indore,Central,Marketplace,OFFC-301,Office Supplies,Paper,A4 Copy Paper Box,7,1960.76,15,13725.32,2058.80,11666.52,1049.11,7343.77,4322.75,Debit Card,Delivered,Maya Shah
ORD-000121,2024-11-18,CUS-0318,Akash Agarwal,Consumer,India,Karnataka,Bengaluru,South,Corporate Sales,SOFT-401,Software,Productivity,OfficeSuite Annual License,3,7808.75,0,23426.25,0.00,23426.25,2136.34,6409.02,17017.23,Cash on Delivery,Delivered,Samar Joshi
ORD-000358,2024-11-18,CUS-0086,Priya Gupta,Consumer,India,West Bengal,Kolkata,East,Retail Store,ELEC-102,Electronics,Smartphones,Nova X5 Smartphone,3,33696.24,0,101088.72,0.00,101088.72,24623.68,73871.04,27217.68,UPI,Shipped,Ritu Sharma
ORD-000453,2024-11-18,CUS-0173,Priya Shah,Enterprise,India,Uttar Pradesh,Noida,North,Retail Store,APPL-502,Appliances,Climate,PureAir Room Purifier,11,17810.85,5,195919.35,9795.97,186123.38,10304.66,113351.26,0.00,Cash on Delivery,Cancelled,Karan Singh
ORD-000961,2024-11-18,CUS-0297,Ishaan Kapoor,Small Business,India,Chhattisgarh,Raipur,Central,Online Store,FURN-201,Furniture,Chairs,ErgoMesh Office Chair,7,13560.09,0,94920.63,0.00,94920.63,8603.65,60225.55,34695.08,Bank Transfer,Shipped,Ira Nair
ORD-001060,2024-11-19,CUS-0246,Neha Kapoor,Enterprise,India,Tamil Nadu,Chennai,South,Corporate Sales,SOFT-402,Software,Security,SecurePro Endpoint License,7,4862.61,5,34038.27,1701.91,32336.36,1362.95,9540.65,22795.71,Cash on Delivery,Shipped,Dev Patel
ORD-001246,2024-11-19,CUS-0203,Saanvi Gupta,Small Business,India,Tamil Nadu,Chennai,South,Corporate Sales,APPL-502,Appliances,Climate,PureAir Room Purifier,5,17387.01,0,86935.05,0.00,86935.05,10421.74,52108.70,34826.35,Wallet,Shipped,Dev Patel
ORD-000318,2024-11-21,CUS-0127,Meera Jain,Consumer,India,Uttar Pradesh,Noida,North,Retail Store,SOFT-401,Software,Productivity,OfficeSuite Annual License,3,8338.28,10,25014.84,2501.48,22513.36,2201.30,6603.90,15909.46,Wallet,Delivered,Ira Nair
ORD-000803,2024-11-21,CUS-0187,Priya Gupta,Consumer,India,Gujarat,Ahmedabad,West,Online Store,OFFC-301,Office Supplies,Paper,A4 Copy Paper Box,5,1948.29,0,9741.45,0.00,9741.45,1107.43,5537.15,4204.30,Wallet,Processing,Anjali Mehta
ORD-000531,2024-11-22,CUS-0174,Aditi Patel,Enterprise,India,Delhi,New Delhi,North,Marketplace,APPL-501,Appliances,Kitchen,BrewMaster Coffee Machine,12,11351.80,5,136221.60,6811.08,129410.52,7187.04,86244.48,43166.04,Wallet,Returned,Karan Singh
ORD-001052,2024-11-22,CUS-0140,Aditi Patel,Consumer,India,Punjab,Chandigarh,North,Online Store,APPL-502,Appliances,Climate,PureAir Room Purifier,7,16703.19,10,116922.33,11692.23,105230.10,10565.35,73957.45,31272.65,Wallet,Delivered,Samar Joshi
ORD-000009,2024-11-23,CUS-0095,Nikhil Patel,Small Business,India,Uttar Pradesh,Noida,North,Corporate Sales,ELEC-103,Electronics,Audio,Pulse Wireless Headphones,1,6021.97,15,6021.97,903.30,5118.67,3274.30,3274.30,0.00,Bank Transfer,Cancelled,Anjali Mehta
ORD-001034,2024-11-23,CUS-0002,Akash Jain,Enterprise,India,Gujarat,Ahmedabad,West,Corporate Sales,APPL-501,Appliances,Kitchen,BrewMaster Coffee Machine,10,11468.72,20,114687.20,22937.44,91749.76,7348.74,73487.40,18262.36,Bank Transfer,Delivered,Ritu Sharma
ORD-000218,2024-11-24,CUS-0216,Aditi Patel,Consumer,India,Madhya Pradesh,Indore,Central,Retail Store,OFFC-302,Office Supplies,Writing,Premium Pen Pack,1,506.25,5,506.25,25.31,480.94,215.85,215.85,265.09,Credit Card,Processing,Dev Patel
ORD-000047,2024-11-25,CUS-0160,Meera Rao,Small Business,India,Maharashtra,Pune,West,Retail Store,OFFC-303,Office Supplies,Organization,Desktop Organizer,1,1245.35,0,1245.35,0.00,1245.35,603.36,603.36,641.99,Credit Card,Delivered,Karan Singh
ORD-001062,2024-11-27,CUS-0065,Vikram Kapoor,Consumer,India,West Bengal,Kolkata,East,Marketplace,OFFC-301,Office Supplies,Paper,A4 Copy Paper Box,3,1861.06,15,5583.18,837.48,4745.70,1086.44,3259.32,1486.38,Bank Transfer,Delivered,Anjali Mehta
ORD-000705,2024-11-28,CUS-0131,Vikram Nair,Consumer,India,Rajasthan,Jaipur,North,Corporate Sales,OFFC-303,Office Supplies,Organization,Desktop Organizer,5,1328.49,0,6642.45,0.00,6642.45,605.81,3029.05,3613.40,UPI,Processing,Dev Patel
ORD-000879,2024-11-28,CUS-0041,Akash Patel,Small Business,India,Uttar Pradesh,Noida,North,Corporate Sales,SOFT-403,Software,Design,DesignFlow Annual License,3,15619.33,5,46857.99,2342.90,44515.09,4157.41,12472.23,32042.86,Bank Transfer,Delivered,Ritu Sharma
ORD-000623,2024-11-29,CUS-0218,Meera Mehta,Consumer,India,Odisha,Bhubaneswar,East,Retail Store,FURN-202,Furniture,Desks,Oak Standing Desk,1,30177.79,15,30177.79,4526.67,25651.12,18899.89,18899.89,6751.23,Debit Card,Processing,Samar Joshi
ORD-000680,2024-11-29,CUS-0132,Vikram Agarwal,Consumer,India,Rajasthan,Jaipur,North,Marketplace,SOFT-403,Software,Design,DesignFlow Annual License,7,15077.10,0,105539.70,0.00,105539.70,4111.81,28782.67,76757.03,Cash on Delivery,Delivered,Dev Patel
ORD-000812,2024-11-29,CUS-0043,Ishaan Shah,Consumer,India,Uttar Pradesh,Noida,North,Marketplace,ELEC-103,Electronics,Audio,Pulse Wireless Headphones,4,5880.66,0,23522.64,0.00,23522.64,3283.60,13134.40,10388.24,Credit Card,Delivered,Maya Shah
ORD-001037,2024-11-29,CUS-0032,Priya Jain,Consumer,India,Rajasthan,Jaipur,North,Retail Store,OFFC-302,Office Supplies,Writing,Premium Pen Pack,4,515.78,15,2063.12,309.47,1753.65,211.29,845.16,908.49,Credit Card,Delivered,Maya Shah
ORD-000825,2024-11-30,CUS-0231,Akash Patel,Consumer,India,West Bengal,Kolkata,East,Corporate Sales,ELEC-103,Electronics,Audio,Pulse Wireless Headphones,7,5883.21,0,41182.47,0.00,41182.47,3363.51,23544.57,17637.90,Wallet,Delivered,Neil Gupta
ORD-000073,2024-12-01,CUS-0141,Arjun Desai,Consumer,India,West Bengal,Kolkata,East,Retail Store,ELEC-103,Electronics,Audio,Pulse Wireless Headphones,7,5954.47,0,41681.29,0.00,41681.29,3246.23,22723.61,18957.68,Wallet,Delivered,Karan Singh
ORD-000255,2024-12-03,CUS-0168,Saanvi Shah,Small Business,India,Maharashtra,Mumbai,West,Retail Store,APPL-501,Appliances,Kitchen,BrewMaster Coffee Machine,6,12282.72,15,73696.32,11054.45,62641.87,7503.72,45022.32,17619.55,Cash on Delivery,Delivered,Anjali Mehta
ORD-000851,2024-12-03,CUS-0158,Kabir Jain,Consumer,India,Punjab,Chandigarh,North,Retail Store,APPL-501,Appliances,Kitchen,BrewMaster Coffee Machine,3,11544.85,10,34634.55,3463.46,31171.09,7347.81,22043.43,9127.66,Bank Transfer,Delivered,Ritu Sharma
ORD-000570,2024-12-04,CUS-0236,Akash Jain,Enterprise,India,Delhi,New Delhi,North,Corporate Sales,FURN-203,Furniture,Storage,Steel Filing Cabinet,14,10036.31,5,140508.34,7025.42,133482.92,5694.80,79727.20,53755.72,UPI,Delivered,Ira Nair
ORD-000345,2024-12-05,CUS-0094,Arjun Singh,Small Business,India,Maharashtra,Mumbai,West,Retail Store,ELEC-105,Electronics,Monitors,Vision 27-inch Monitor,2,21888.78,10,43777.56,4377.76,39399.80,15028.11,30056.22,9343.58,UPI,Delivered,Ira Nair
ORD-000544,2024-12-05,CUS-0269,Priya Rao,Consumer,India,Gujarat,Ahmedabad,West,Retail Store,SOFT-403,Software,Design,DesignFlow Annual License,3,14158.37,0,42475.11,0.00,42475.11,4319.70,12959.10,29516.01,Cash on Delivery,Delivered,Neil Gupta
ORD-000858,2024-12-06,CUS-0235,Riya Iyer,Consumer,India,Delhi,New Delhi,North,Online Store,ELEC-104,Electronics,Accessories,65W USB-C Charger,1,2426.72,5,2426.72,121.34,2305.38,1171.26,1171.26,1134.12,Wallet,Delivered,Samar Joshi
ORD-000381,2024-12-07,CUS-0028,Rahul Jain,Consumer,India,Uttar Pradesh,Noida,North,Online Store,ELEC-103,Electronics,Audio,Pulse Wireless Headphones,2,6207.49,15,12414.98,1862.25,10552.73,3251.37,6502.74,4049.99,Debit Card,Shipped,Samar Joshi
ORD-000160,2024-12-08,CUS-0003,Saanvi Singh,Consumer,India,Punjab,Chandigarh,North,Retail Store,SOFT-402,Software,Security,SecurePro Endpoint License,3,5141.11,0,15423.33,0.00,15423.33,1432.02,4296.06,11127.27,Cash on Delivery,Shipped,Karan Singh
ORD-000566,2024-12-08,CUS-0151,Diya Sharma,Small Business,India,Gujarat,Ahmedabad,West,Online Store,OFFC-301,Office Supplies,Paper,A4 Copy Paper Box,7,1904.23,15,13329.61,1999.44,11330.17,1078.43,7549.01,3781.16,Debit Card,Delivered,Ira Nair
ORD-000329,2024-12-09,CUS-0092,Aarav Kapoor,Consumer,India,Delhi,New Delhi,North,Corporate Sales,ELEC-103,Electronics,Audio,Pulse Wireless Headphones,4,5742.11,0,22968.44,0.00,22968.44,3364.17,13456.68,9511.76,Wallet,Delivered,Neil Gupta
ORD-001033,2024-12-09,CUS-0182,Diya Patel,Consumer,India,Odisha,Bhubaneswar,East,Retail Store,OFFC-302,Office Supplies,Writing,Premium Pen Pack,3,495.41,5,1486.23,74.31,1411.92,204.41,613.23,798.69,Credit Card,Shipped,Ira Nair
ORD-000455,2024-12-10,CUS-0139,Rahul Mehta,Small Business,India,Rajasthan,Jaipur,North,Retail Store,ELEC-102,Electronics,Smartphones,Nova X5 Smartphone,6,35018.12,0,210108.72,0.00,210108.72,25004.32,150025.92,60082.80,Wallet,Returned,Anjali Mehta
ORD-000807,2024-12-11,CUS-0065,Vikram Kapoor,Consumer,India,West Bengal,Kolkata,East,Retail Store,ELEC-104,Electronics,Accessories,65W USB-C Charger,3,2555.76,0,7667.28,0.00,7667.28,1159.17,3477.51,4189.77,Credit Card,Delivered,Karan Singh
ORD-000326,2024-12-12,CUS-0285,Kabir Sharma,Small Business,India,Madhya Pradesh,Indore,Central,Corporate Sales,APPL-502,Appliances,Climate,PureAir Room Purifier,6,16182.40,5,97094.40,4854.72,92239.68,10560.85,63365.10,28874.58,Cash on Delivery,Delivered,Neil Gupta
ORD-000407,2024-12-12,CUS-0004,Kavya Agarwal,Small Business,India,Chhattisgarh,Raipur,Central,Marketplace,OFFC-303,Office Supplies,Organization,Desktop Organizer,5,1357.88,0,6789.40,0.00,6789.40,600.91,3004.55,3784.85,Debit Card,Delivered,Maya Shah
ORD-000543,2024-12-12,CUS-0264,Neha Agarwal,Enterprise,India,Karnataka,Mysuru,South,Corporate Sales,SOFT-401,Software,Productivity,OfficeSuite Annual License,13,8318.82,5,108144.66,5407.23,102737.43,2215.95,28807.35,73930.08,Bank Transfer,Shipped,Samar Joshi
ORD-000251,2024-12-15,CUS-0023,Meera Verma,Consumer,India,Delhi,New Delhi,North,Marketplace,SOFT-401,Software,Productivity,OfficeSuite Annual License,7,8147.15,5,57030.05,2851.50,54178.55,2258.75,15811.25,38367.30,Cash on Delivery,Shipped,Dev Patel
ORD-000815,2024-12-16,CUS-0019,Zoya Rao,Consumer,India,Gujarat,Ahmedabad,West,Corporate Sales,FURN-202,Furniture,Desks,Oak Standing Desk,7,27647.62,15,193533.34,29030.00,164503.34,18791.72,131542.04,32961.30,UPI,Delivered,Anjali Mehta
ORD-000154,2024-12-18,CUS-0129,Ananya Rao,Small Business,India,West Bengal,Kolkata,East,Retail Store,FURN-201,Furniture,Chairs,ErgoMesh Office Chair,2,14562.73,0,29125.46,0.00,29125.46,8452.85,16905.70,12219.76,Cash on Delivery,Shipped,Samar Joshi
ORD-000677,2024-12-18,CUS-0149,Aarav Nair,Consumer,India,Odisha,Bhubaneswar,East,Retail Store,SOFT-402,Software,Security,SecurePro Endpoint License,5,4735.64,25,23678.20,5919.55,17758.65,1411.04,7055.20,10703.45,Bank Transfer,Delivered,Ira Nair
ORD-000969,2024-12-20,CUS-0191,Nikhil Joshi,Consumer,India,Punjab,Chandigarh,North,Online Store,ELEC-105,Electronics,Monitors,Vision 27-inch Monitor,6,21700.23,10,130201.38,13020.14,117181.24,14883.75,89302.50,27878.74,Wallet,Delivered,Anjali Mehta
ORD-001042,2024-12-21,CUS-0167,Priya Desai,Small Business,India,Gujarat,Ahmedabad,West,Retail Store,FURN-203,Furniture,Storage,Steel Filing Cabinet,3,9141.70,0,27425.10,0.00,27425.10,5718.03,17154.09,10271.01,Credit Card,Delivered,Dev Patel
ORD-001186,2024-12-21,CUS-0117,Ishaan Rao,Small Business,India,Telangana,Hyderabad,South,Marketplace,SOFT-401,Software,Productivity,OfficeSuite Annual License,4,8276.72,10,33106.88,3310.69,29796.19,2193.64,8774.56,21021.63,Bank Transfer,Processing,Ritu Sharma
ORD-000789,2024-12-22,CUS-0246,Neha Kapoor,Enterprise,India,Tamil Nadu,Chennai,South,Corporate Sales,OFFC-301,Office Supplies,Paper,A4 Copy Paper Box,14,1813.88,15,25394.32,3809.15,21585.17,1074.09,15037.26,6547.91,Bank Transfer,Delivered,Karan Singh
ORD-000981,2024-12-22,CUS-0160,Meera Rao,Small Business,India,Gujarat,Surat,West,Corporate Sales,ELEC-102,Electronics,Smartphones,Nova X5 Smartphone,4,34714.87,0,138859.48,0.00,138859.48,24420.19,97680.76,41178.72,Wallet,Shipped,Dev Patel
ORD-001097,2024-12-24,CUS-0019,Zoya Rao,Consumer,India,Punjab,Chandigarh,North,Marketplace,FURN-203,Furniture,Storage,Steel Filing Cabinet,5,9962.74,0,49813.70,0.00,49813.70,5673.03,28365.15,21448.55,UPI,Processing,Ira Nair
ORD-000106,2024-12-25,CUS-0035,Rohan Singh,Enterprise,India,Delhi,New Delhi,North,Retail Store,FURN-204,Furniture,Tables,Metro Conference Table,8,40185.10,5,321480.80,16074.04,305406.76,27186.94,217495.52,87911.24,Wallet,Returned,Karan Singh
ORD-000897,2024-12-25,CUS-0242,Riya Patel,Small Business,India,Uttar Pradesh,Noida,North,Online Store,SOFT-403,Software,Design,DesignFlow Annual License,3,14804.33,5,44412.99,2220.65,42192.34,4082.76,12248.28,29944.06,UPI,Returned,Karan Singh
ORD-000183,2024-12-26,CUS-0262,Aditi Desai,Small Business,India,Tamil Nadu,Chennai,South,Online Store,ELEC-105,Electronics,Monitors,Vision 27-inch Monitor,5,23214.87,5,116074.35,5803.72,110270.63,14859.09,74295.45,35975.18,Debit Card,Delivered,Neil Gupta
ORD-000395,2024-12-26,CUS-0154,Neha Singh,Consumer,India,Maharashtra,Pune,West,Corporate Sales,OFFC-304,Office Supplies,Notebooks,Executive Notebook Set,5,881.09,0,4405.45,0.00,4405.45,384.07,1920.35,2485.10,Debit Card,Delivered,Karan Singh
ORD-000847,2024-12-26,CUS-0119,Priya Desai,Consumer,India,Uttar Pradesh,Noida,North,Marketplace,ELEC-105,Electronics,Monitors,Vision 27-inch Monitor,1,20829.91,0,20829.91,0.00,20829.91,15266.83,15266.83,5563.08,Wallet,Shipped,Samar Joshi
ORD-000385,2024-12-27,CUS-0305,Neha Desai,Enterprise,India,West Bengal,Kolkata,East,Corporate Sales,FURN-204,Furniture,Tables,Metro Conference Table,12,40233.47,20,482801.64,96560.33,386241.31,26694.24,320330.88,65910.43,Debit Card,Delivered,Ritu Sharma
ORD-000784,2024-12-27,CUS-0207,Meera Mehta,Consumer,India,Gujarat,Ahmedabad,West,Retail Store,ELEC-102,Electronics,Smartphones,Nova X5 Smartphone,6,34408.96,5,206453.76,10322.69,196131.07,24510.42,147062.52,49068.55,UPI,Delivered,Karan Singh
ORD-000541,2024-12-28,CUS-0244,Aisha Mehta,Small Business,India,Maharashtra,Mumbai,West,Online Store,OFFC-304,Office Supplies,Notebooks,Executive Notebook Set,3,937.65,15,2812.95,421.94,2391.01,391.04,1173.12,1217.89,Debit Card,Delivered,Samar Joshi
ORD-000926,2024-12-30,CUS-0153,Kavya Joshi,Consumer,India,Gujarat,Ahmedabad,West,Corporate Sales,ELEC-103,Electronics,Audio,Pulse Wireless Headphones,7,6239.95,0,43679.65,0.00,43679.65,3210.74,22475.18,21204.47,UPI,Delivered,Dev Patel
ORD-000562,2024-12-31,CUS-0008,Meera Jain,Enterprise,India,Maharashtra,Mumbai,West,Corporate Sales,ELEC-101,Electronics,Laptops,ApexBook 14 Laptop,9,70013.21,0,630118.89,0.00,630118.89,54446.58,490019.22,140099.67,Debit Card,Delivered,Ira Nair
ORD-000811,2024-12-31,CUS-0313,Neha Joshi,Consumer,India,Punjab,Chandigarh,North,Retail Store,OFFC-302,Office Supplies,Writing,Premium Pen Pack,2,517.82,0,1035.64,0.00,1035.64,211.68,423.36,612.28,Cash on Delivery,Shipped,Dev Patel
ORD-001035,2024-12-31,CUS-0023,Meera Verma,Consumer,India,Maharashtra,Mumbai,West,Marketplace,OFFC-303,Office Supplies,Organization,Desktop Organizer,3,1275.91,0,3827.73,0.00,3827.73,607.87,1823.61,2004.12,Credit Card,Delivered,Dev Patel
ORD-000282,2025-01-04,CUS-0026,Meera Kapoor,Consumer,India,Telangana,Hyderabad,South,Retail Store,ELEC-101,Electronics,Laptops,ApexBook 14 Laptop,7,69570.59,10,486994.13,48699.41,438294.72,52810.77,369675.39,68619.33,Debit Card,Delivered,Ira Nair
ORD-000696,2025-01-04,CUS-0050,Nikhil Jain,Consumer,India,Punjab,Chandigarh,North,Corporate Sales,OFFC-304,Office Supplies,Notebooks,Executive Notebook Set,1,924.45,0,924.45,0.00,924.45,390.60,390.60,533.85,Credit Card,Delivered,Anjali Mehta
ORD-000773,2025-01-04,CUS-0004,Kavya Agarwal,Small Business,India,Telangana,Hyderabad,South,Marketplace,ELEC-102,Electronics,Smartphones,Nova X5 Smartphone,7,36722.02,15,257054.14,38558.12,218496.02,24646.42,172524.94,45971.08,Debit Card,Delivered,Ira Nair
ORD-000389,2025-01-05,CUS-0306,Saanvi Sharma,Consumer,India,Maharashtra,Pune,West,Retail Store,FURN-203,Furniture,Storage,Steel Filing Cabinet,4,9634.79,5,38539.16,1926.96,36612.20,5729.43,22917.72,13694.48,Bank Transfer,Delivered,Karan Singh
ORD-000747,2025-01-06,CUS-0045,Riya Jain,Small Business,India,Madhya Pradesh,Indore,Central,Online Store,ELEC-105,Electronics,Monitors,Vision 27-inch Monitor,6,20749.35,0,124496.10,0.00,124496.10,14869.80,89218.80,35277.30,Bank Transfer,Delivered,Ira Nair
ORD-000827,2025-01-06,CUS-0180,Akash Sharma,Consumer,India,Gujarat,Surat,West,Online Store,FURN-203,Furniture,Storage,Steel Filing Cabinet,5,9104.48,5,45522.40,2276.12,43246.28,5591.25,27956.25,15290.03,UPI,Delivered,Ira Nair
ORD-000458,2025-01-07,CUS-0274,Neha Shah,Consumer,India,Rajasthan,Jaipur,North,Online Store,OFFC-303,Office Supplies,Organization,Desktop Organizer,2,1240.87,0,2481.74,0.00,2481.74,594.18,1188.36,1293.38,Cash on Delivery,Delivered,Samar Joshi
ORD-000809,2025-01-08,CUS-0207,Meera Mehta,Consumer,India,Madhya Pradesh,Indore,Central,Retail Store,FURN-203,Furniture,Storage,Steel Filing Cabinet,2,9754.24,10,19508.48,1950.85,17557.63,5532.30,11064.60,6493.03,Credit Card,Delivered,Ira Nair
ORD-000594,2025-01-10,CUS-0314,Priya Joshi,Small Business,India,Karnataka,Bengaluru,South,Online Store,APPL-502,Appliances,Climate,PureAir Room Purifier,3,16210.52,15,48631.56,7294.73,41336.83,10541.21,31623.63,9713.20,Credit Card,Delivered,Samar Joshi
ORD-000098,2025-01-11,CUS-0063,Zoya Agarwal,Enterprise,India,West Bengal,Kolkata,East,Corporate Sales,APPL-502,Appliances,Climate,PureAir Room Purifier,18,16375.21,5,294753.78,14737.69,280016.09,10096.29,181733.22,98282.87,UPI,Delivered,Samar Joshi
ORD-000512,2025-01-11,CUS-0013,Riya Verma,Enterprise,India,Rajasthan,Jaipur,North,Online Store,SOFT-402,Software,Security,SecurePro Endpoint License,14,4991.91,5,69886.74,3494.34,66392.40,1405.71,19679.94,46712.46,Credit Card,Delivered,Dev Patel
ORD-000771,2025-01-11,CUS-0251,Rohan Desai,Small Business,India,Gujarat,Ahmedabad,West,Retail Store,FURN-201,Furniture,Chairs,ErgoMesh Office Chair,7,13582.27,15,95075.89,14261.38,80814.51,8282.12,57974.84,22839.67,Debit Card,Delivered,Ira Nair
ORD-000457,2025-01-12,CUS-0015,Rahul Kapoor,Consumer,India,Maharashtra,Pune,West,Corporate Sales,ELEC-101,Electronics,Laptops,ApexBook 14 Laptop,3,74123.99,10,222371.97,22237.20,200134.77,53565.15,160695.45,39439.32,Debit Card,Delivered,Samar Joshi
ORD-000888,2025-01-13,CUS-0294,Rahul Verma,Consumer,India,Maharashtra,Mumbai,West,Corporate Sales,APPL-502,Appliances,Climate,PureAir Room Purifier,1,17179.35,10,17179.35,1717.94,15461.41,10417.38,10417.38,5044.03,Bank Transfer,Delivered,Dev Patel
ORD-000093,2025-01-15,CUS-0024,Akash Shah,Consumer,India,Gujarat,Ahmedabad,West,Corporate Sales,ELEC-102,Electronics,Smartphones,Nova X5 Smartphone,5,33237.51,5,166187.55,8309.38,157878.17,24100.21,120501.05,37377.12,Debit Card,Delivered,Neil Gupta
ORD-000808,2025-01-15,CUS-0242,Riya Patel,Small Business,India,Karnataka,Mysuru,South,Corporate Sales,OFFC-301,Office Supplies,Paper,A4 Copy Paper Box,1,1880.98,5,1880.98,94.05,1786.93,1112.27,1112.27,674.66,Wallet,Shipped,Maya Shah
ORD-000109,2025-01-16,CUS-0237,Neha Rao,Consumer,India,Telangana,Hyderabad,South,Corporate Sales,ELEC-102,Electronics,Smartphones,Nova X5 Smartphone,4,35939.42,15,143757.68,21563.65,122194.03,25205.66,100822.64,21371.39,UPI,Delivered,Samar Joshi
ORD-000909,2025-01-16,CUS-0097,Aisha Rao,Enterprise,India,Karnataka,Bengaluru,South,Marketplace,FURN-204,Furniture,Tables,Metro Conference Table,6,41477.73,10,248866.38,24886.64,223979.74,26950.83,161704.98,62274.76,Bank Transfer,Delivered,Neil Gupta
ORD-001032,2025-01-16,CUS-0282,Kabir Singh,Small Business,India,Punjab,Chandigarh,North,Corporate Sales,OFFC-304,Office Supplies,Notebooks,Executive Notebook Set,3,952.58,0,2857.74,0.00,2857.74,387.69,1163.07,1694.67,Cash on Delivery,Delivered,Karan Singh
ORD-000555,2025-01-17,CUS-0156,Saanvi Kapoor,Consumer,India,Rajasthan,Jaipur,North,Marketplace,ELEC-104,Electronics,Accessories,65W USB-C Charger,7,2566.48,20,17965.36,3593.07,14372.29,1168.23,8177.61,6194.68,Bank Transfer,Shipped,Karan Singh
ORD-001218,2025-01-18,CUS-0196,Aditi Sharma,Consumer,India,Rajasthan,Jaipur,North,Corporate Sales,SOFT-402,Software,Security,SecurePro Endpoint License,4,5000.18,15,20000.72,3000.11,17000.61,1427.03,5708.12,11292.49,Bank Transfer,Delivered,Neil Gupta
ORD-000226,2025-01-19,CUS-0295,Arjun Rao,Consumer,India,Telangana,Hyderabad,South,Online Store,ELEC-105,Electronics,Monitors,Vision 27-inch Monitor,3,21589.76,20,64769.28,12953.86,51815.42,15342.25,46026.75,5788.67,Wallet,Delivered,Karan Singh
ORD-000821,2025-01-20,CUS-0049,Priya Kapoor,Consumer,India,Odisha,Bhubaneswar,East,Online Store,OFFC-303,Office Supplies,Organization,Desktop Organizer,4,1369.80,20,5479.20,1095.84,4383.36,618.72,2474.88,0.00,Bank Transfer,Cancelled,Samar Joshi
ORD-001120,2025-01-20,CUS-0064,Kavya Verma,Consumer,India,Punjab,Chandigarh,North,Retail Store,SOFT-403,Software,Design,DesignFlow Annual License,3,14507.01,10,43521.03,4352.10,39168.93,4177.31,12531.93,26637.00,Cash on Delivery,Delivered,Dev Patel
ORD-000197,2025-01-22,CUS-0316,Aarav Iyer,Enterprise,India,Uttar Pradesh,Noida,North,Corporate Sales,OFFC-301,Office Supplies,Paper,A4 Copy Paper Box,8,1902.10,0,15216.80,0.00,15216.80,1082.07,8656.56,6560.24,Bank Transfer,Delivered,Ritu Sharma
ORD-000622,2025-01-22,CUS-0043,Ishaan Shah,Consumer,India,Madhya Pradesh,Indore,Central,Marketplace,ELEC-105,Electronics,Monitors,Vision 27-inch Monitor,1,21502.61,15,21502.61,3225.39,18277.22,15450.74,15450.74,2826.48,Wallet,Delivered,Samar Joshi
ORD-001158,2025-01-22,CUS-0153,Kavya Joshi,Consumer,India,Telangana,Hyderabad,South,Online Store,ELEC-105,Electronics,Monitors,Vision 27-inch Monitor,4,21028.96,15,84115.84,12617.38,71498.46,14664.28,58657.12,12841.34,Cash on Delivery,Delivered,Maya Shah
ORD-000762,2025-01-23,CUS-0279,Meera Nair,Enterprise,India,Rajasthan,Jaipur,North,Corporate Sales,OFFC-303,Office Supplies,Organization,Desktop Organizer,5,1320.46,0,6602.30,0.00,6602.30,610.72,3053.60,3548.70,Bank Transfer,Delivered,Dev Patel
ORD-001140,2025-01-23,CUS-0136,Nikhil Patel,Consumer,India,Karnataka,Bengaluru,South,Marketplace,SOFT-403,Software,Design,DesignFlow Annual License,2,15468.85,0,30937.70,0.00,30937.70,4136.92,8273.84,22663.86,Debit Card,Delivered,Karan Singh
ORD-000971,2025-01-25,CUS-0140,Aditi Patel,Consumer,India,Delhi,New Delhi,North,Retail Store,OFFC-304,Office Supplies,Notebooks,Executive Notebook Set,2,947.72,20,1895.44,379.09,1516.35,378.90,757.80,758.55,Bank Transfer,Delivered,Ritu Sharma
ORD-000017,2025-01-27,CUS-0298,Kabir Jain,Consumer,India,Chhattisgarh,Raipur,Central,Online Store,FURN-202,Furniture,Desks,Oak Standing Desk,3,29689.52,20,89068.56,17813.71,71254.85,18764.50,56293.50,14961.35,Wallet,Delivered,Maya Shah
ORD-000241,2025-01-27,CUS-0025,Nikhil Desai,Enterprise,India,Karnataka,Mysuru,South,Corporate Sales,FURN-203,Furniture,Storage,Steel Filing Cabinet,4,9456.95,5,37827.80,1891.39,35936.41,5851.32,23405.28,12531.13,Credit Card,Delivered,Ira Nair
ORD-000344,2025-01-29,CUS-0284,Saanvi Iyer,Enterprise,India,Karnataka,Bengaluru,South,Corporate Sales,OFFC-303,Office Supplies,Organization,Desktop Organizer,14,1368.96,0,19165.44,0.00,19165.44,593.73,8312.22,10853.22,Bank Transfer,Delivered,Samar Joshi
ORD-001160,2025-01-29,CUS-0095,Nikhil Patel,Small Business,India,Tamil Nadu,Chennai,South,Retail Store,SOFT-403,Software,Design,DesignFlow Annual License,2,14908.31,0,29816.62,0.00,29816.62,4082.35,8164.70,21651.92,Debit Card,Delivered,Dev Patel
ORD-000202,2025-01-30,CUS-0201,Ananya Agarwal,Consumer,India,Gujarat,Ahmedabad,West,Marketplace,APPL-502,Appliances,Climate,PureAir Room Purifier,6,16671.02,10,100026.12,10002.61,90023.51,10161.13,60966.78,29056.73,Cash on Delivery,Delivered,Neil Gupta
ORD-000033,2025-01-31,CUS-0200,Aisha Kapoor,Consumer,India,Karnataka,Mysuru,South,Corporate Sales,SOFT-402,Software,Security,SecurePro Endpoint License,5,4768.63,25,23843.15,5960.79,17882.36,1406.27,7031.35,10851.01,Cash on Delivery,Delivered,Samar Joshi
ORD-000111,2025-01-31,CUS-0155,Kabir Shah,Enterprise,India,Maharashtra,Mumbai,West,Corporate Sales,OFFC-304,Office Supplies,Notebooks,Executive Notebook Set,18,845.33,15,15215.94,2282.39,12933.55,399.53,7191.54,5742.01,Wallet,Delivered,Maya Shah
ORD-000135,2025-02-01,CUS-0177,Aditi Agarwal,Consumer,India,Tamil Nadu,Chennai,South,Online Store,FURN-202,Furniture,Desks,Oak Standing Desk,5,27843.69,5,139218.45,6960.92,132257.53,19181.16,95905.80,0.00,Debit Card,Cancelled,Karan Singh
ORD-000448,2025-02-02,CUS-0054,Riya Singh,Consumer,India,Odisha,Bhubaneswar,East,Online Store,FURN-201,Furniture,Chairs,ErgoMesh Office Chair,6,13202.42,5,79214.52,3960.73,75253.79,8204.31,49225.86,26027.93,Credit Card,Delivered,Ira Nair
ORD-000484,2025-02-02,CUS-0094,Arjun Singh,Small Business,India,Delhi,New Delhi,North,Retail Store,APPL-502,Appliances,Climate,PureAir Room Purifier,1,17258.67,0,17258.67,0.00,17258.67,10661.25,10661.25,6597.42,Credit Card,Delivered,Samar Joshi
ORD-001021,2025-02-02,CUS-0060,Priya Kapoor,Consumer,India,Maharashtra,Mumbai,West,Online Store,ELEC-104,Electronics,Accessories,65W USB-C Charger,6,2512.39,0,15074.34,0.00,15074.34,1197.39,7184.34,7890.00,UPI,Processing,Dev Patel
ORD-000199,2025-02-04,CUS-0230,Kabir Mehta,Enterprise,India,Punjab,Chandigarh,North,Online Store,FURN-202,Furniture,Desks,Oak Standing Desk,8,27925.57,0,223404.56,0.00,223404.56,18901.77,151214.16,72190.40,Bank Transfer,Delivered,Karan Singh
ORD-000287,2025-02-04,CUS-0001,Ishaan Sharma,Small Business,India,Maharashtra,Pune,West,Online Store,FURN-203,Furniture,Storage,Steel Filing Cabinet,3,9064.26,5,27192.78,1359.64,25833.14,5817.99,17453.97,8379.17,Credit Card,Delivered,Maya Shah
ORD-000377,2025-02-04,CUS-0070,Akash Patel,Consumer,India,Delhi,New Delhi,North,Corporate Sales,FURN-202,Furniture,Desks,Oak Standing Desk,2,29113.67,0,58227.34,0.00,58227.34,18731.89,37463.78,20763.56,Debit Card,Delivered,Samar Joshi
ORD-000296,2025-02-09,CUS-0295,Arjun Rao,Consumer,India,Karnataka,Bengaluru,South,Corporate Sales,ELEC-104,Electronics,Accessories,65W USB-C Charger,7,2550.42,5,17852.94,892.65,16960.29,1204.56,8431.92,8528.37,Credit Card,Delivered,Anjali Mehta
ORD-000799,2025-02-10,CUS-0064,Kavya Verma,Consumer,India,Odisha,Bhubaneswar,East,Online Store,OFFC-302,Office Supplies,Writing,Premium Pen Pack,2,483.84,10,967.68,96.77,870.91,204.20,408.40,462.51,Debit Card,Delivered,Karan Singh
ORD-000822,2025-02-10,CUS-0021,Saanvi Desai,Consumer,India,Chhattisgarh,Raipur,Central,Online Store,SOFT-402,Software,Security,SecurePro Endpoint License,5,5235.10,20,26175.50,5235.10,20940.40,1389.67,6948.35,13992.05,UPI,Delivered,Ritu Sharma
ORD-000684,2025-02-12,CUS-0008,Meera Jain,Enterprise,India,Gujarat,Ahmedabad,West,Corporate Sales,FURN-201,Furniture,Chairs,ErgoMesh Office Chair,15,14787.43,5,221811.45,11090.57,210720.88,8417.79,126266.85,84454.03,Wallet,Delivered,Samar Joshi
ORD-000413,2025-02-13,CUS-0057,Priya Jain,Consumer,India,Chhattisgarh,Raipur,Central,Corporate Sales,ELEC-102,Electronics,Smartphones,Nova X5 Smartphone,4,35914.95,0,143659.80,0.00,143659.80,25350.85,101403.40,42256.40,Wallet,Delivered,Anjali Mehta
ORD-000999,2025-02-13,CUS-0075,Ishaan Verma,Consumer,India,Odisha,Bhubaneswar,East,Marketplace,APPL-502,Appliances,Climate,PureAir Room Purifier,5,16116.65,0,80583.25,0.00,80583.25,10121.98,50609.90,29973.35,Cash on Delivery,Shipped,Karan Singh
ORD-001180,2025-02-13,CUS-0168,Saanvi Shah,Small Business,India,West Bengal,Kolkata,East,Retail Store,ELEC-105,Electronics,Monitors,Vision 27-inch Monitor,3,21174.19,10,63522.57,6352.26,57170.31,15402.26,46206.78,10963.53,UPI,Delivered,Dev Patel
ORD-000021,2025-02-14,CUS-0267,Neha Kapoor,Consumer,India,Madhya Pradesh,Indore,Central,Retail Store,FURN-202,Furniture,Desks,Oak Standing Desk,7,27287.75,10,191014.25,19101.43,171912.82,18414.08,128898.56,43014.26,UPI,Delivered,Dev Patel
ORD-000558,2025-02-14,CUS-0317,Saanvi Singh,Consumer,India,Uttar Pradesh,Noida,North,Online Store,SOFT-402,Software,Security,SecurePro Endpoint License,3,4800.76,0,14402.28,0.00,14402.28,1436.78,4310.34,10091.94,Wallet,Delivered,Anjali Mehta
ORD-000716,2025-02-15,CUS-0029,Zoya Joshi,Consumer,India,Maharashtra,Pune,West,Online Store,ELEC-101,Electronics,Laptops,ApexBook 14 Laptop,5,72753.30,0,363766.50,0.00,363766.50,52516.92,262584.60,101181.90,Bank Transfer,Delivered,Neil Gupta
ORD-000267,2025-02-16,CUS-0037,Diya Agarwal,Consumer,India,Gujarat,Ahmedabad,West,Online Store,OFFC-302,Office Supplies,Writing,Premium Pen Pack,6,502.29,20,3013.74,602.75,2410.99,215.93,1295.58,1115.41,UPI,Delivered,Ritu Sharma
ORD-001038,2025-02-17,CUS-0126,Riya Shah,Consumer,India,West Bengal,Kolkata,East,Corporate Sales,ELEC-102,Electronics,Smartphones,Nova X5 Smartphone,7,35086.98,20,245608.86,49121.77,196487.09,24814.56,173701.92,22785.17,UPI,Delivered,Ira Nair
ORD-001043,2025-02-17,CUS-0021,Saanvi Desai,Consumer,India,Madhya Pradesh,Indore,Central,Marketplace,OFFC-302,Office Supplies,Writing,Premium Pen Pack,6,501.99,5,3011.94,150.60,2861.34,211.01,1266.06,1595.28,Cash on Delivery,Processing,Ira Nair
ORD-000868,2025-02-18,CUS-0227,Rahul Patel,Consumer,India,Gujarat,Surat,West,Retail Store,FURN-204,Furniture,Tables,Metro Conference Table,4,37693.16,15,150772.64,22615.90,128156.74,26188.36,104753.44,23403.30,UPI,Delivered,Neil Gupta
ORD-000559,2025-02-19,CUS-0242,Riya Patel,Small Business,India,Tamil Nadu,Chennai,South,Corporate Sales,FURN-203,Furniture,Storage,Steel Filing Cabinet,4,9414.43,15,37657.72,5648.66,32009.06,5799.90,23199.60,0.00,Bank Transfer,Cancelled,Samar Joshi
ORD-000614,2025-02-19,CUS-0020,Aditi Singh,Consumer,India,Chhattisgarh,Raipur,Central,Retail Store,FURN-202,Furniture,Desks,Oak Standing Desk,7,28409.07,15,198863.49,29829.52,169033.97,18268.86,127882.02,41151.95,Credit Card,Delivered,Ritu Sharma
ORD-001102,2025-02-20,CUS-0075,Ishaan Verma,Consumer,India,West Bengal,Kolkata,East,Online Store,OFFC-303,Office Supplies,Organization,Desktop Organizer,2,1237.54,0,2475.08,0.00,2475.08,615.19,1230.38,1244.70,Bank Transfer,Shipped,Neil Gupta
ORD-001070,2025-02-21,CUS-0290,Rohan Sharma,Small Business,India,Maharashtra,Mumbai,West,Online Store,SOFT-401,Software,Productivity,OfficeSuite Annual License,4,7610.95,10,30443.80,3044.38,27399.42,2149.97,8599.88,18799.54,Credit Card,Processing,Samar Joshi
ORD-000195,2025-02-22,CUS-0032,Priya Jain,Consumer,India,Odisha,Bhubaneswar,East,Corporate Sales,FURN-204,Furniture,Tables,Metro Conference Table,7,41406.44,20,289845.08,57969.02,231876.06,27356.00,191492.00,40384.06,Bank Transfer,Delivered,Samar Joshi
ORD-001001,2025-02-22,CUS-0122,Kavya Gupta,Small Business,India,West Bengal,Kolkata,East,Marketplace,ELEC-104,Electronics,Accessories,65W USB-C Charger,2,2515.82,5,5031.64,251.58,4780.06,1182.34,2364.68,2415.38,Credit Card,Delivered,Ira Nair
ORD-001178,2025-02-23,CUS-0232,Akash Iyer,Consumer,India,Tamil Nadu,Chennai,South,Online Store,FURN-201,Furniture,Chairs,ErgoMesh Office Chair,5,13407.38,10,67036.90,6703.69,60333.21,8250.52,41252.60,19080.61,Cash on Delivery,Delivered,Anjali Mehta
ORD-000126,2025-02-24,CUS-0079,Aditi Shah,Enterprise,India,Chhattisgarh,Raipur,Central,Corporate Sales,ELEC-102,Electronics,Smartphones,Nova X5 Smartphone,14,34522.19,10,483310.66,48331.07,434979.59,25201.67,352823.38,82156.21,UPI,Delivered,Samar Joshi
ORD-000430,2025-02-25,CUS-0031,Aarav Mehta,Consumer,India,Punjab,Chandigarh,North,Online Store,SOFT-402,Software,Security,SecurePro Endpoint License,1,4740.12,0,4740.12,0.00,4740.12,1423.37,1423.37,3316.75,Cash on Delivery,Delivered,Maya Shah
ORD-001188,2025-02-25,CUS-0143,Aditi Singh,Consumer,India,Delhi,New Delhi,North,Corporate Sales,SOFT-402,Software,Security,SecurePro Endpoint License,5,5241.57,20,26207.85,5241.57,20966.28,1390.10,6950.50,14015.78,Wallet,Shipped,Maya Shah
ORD-001055,2025-02-26,CUS-0170,Zoya Jain,Consumer,India,Punjab,Chandigarh,North,Retail Store,FURN-203,Furniture,Storage,Steel Filing Cabinet,5,9656.32,5,48281.60,2414.08,45867.52,5740.23,28701.15,17166.37,Debit Card,Delivered,Ritu Sharma
ORD-000921,2025-02-27,CUS-0142,Arjun Desai,Consumer,India,Tamil Nadu,Chennai,South,Online Store,FURN-202,Furniture,Desks,Oak Standing Desk,4,30501.84,10,122007.36,12200.74,109806.62,18672.83,74691.32,35115.30,Bank Transfer,Returned,Neil Gupta
ORD-000432,2025-02-28,CUS-0318,Akash Agarwal,Consumer,India,Odisha,Bhubaneswar,East,Marketplace,SOFT-402,Software,Security,SecurePro Endpoint License,4,4973.50,15,19894.00,2984.10,16909.90,1388.18,5552.72,11357.18,Cash on Delivery,Delivered,Anjali Mehta
ORD-000718,2025-03-02,CUS-0149,Aarav Nair,Consumer,India,Tamil Nadu,Chennai,South,Online Store,ELEC-105,Electronics,Monitors,Vision 27-inch Monitor,7,22111.12,15,154777.84,23216.68,131561.16,14894.70,104262.90,27298.26,Wallet,Delivered,Ira Nair
ORD-001152,2025-03-02,CUS-0146,Aisha Joshi,Enterprise,India,Rajasthan,Jaipur,North,Retail Store,SOFT-401,Software,Productivity,OfficeSuite Annual License,20,7938.69,10,158773.80,15877.38,142896.42,2205.68,44113.60,98782.82,Cash on Delivery,Delivered,Karan Singh
ORD-000067,2025-03-04,CUS-0294,Rahul Verma,Consumer,India,Punjab,Chandigarh,North,Corporate Sales,FURN-201,Furniture,Chairs,ErgoMesh Office Chair,2,14094.43,10,28188.86,2818.89,25369.97,8337.25,16674.50,0.00,Cash on Delivery,Cancelled,Anjali Mehta
ORD-000515,2025-03-04,CUS-0027,Ishaan Singh,Small Business,India,Karnataka,Mysuru,South,Marketplace,FURN-202,Furniture,Desks,Oak Standing Desk,7,27736.02,15,194152.14,29122.82,165029.32,18810.80,131675.60,33353.72,Wallet,Delivered,Maya Shah
ORD-000681,2025-03-04,CUS-0214,Ananya Nair,Consumer,India,Telangana,Hyderabad,South,Online Store,SOFT-403,Software,Design,DesignFlow Annual License,1,14231.89,5,14231.89,711.59,13520.30,4100.27,4100.27,9420.03,Cash on Delivery,Delivered,Samar Joshi
ORD-000220,2025-03-05,CUS-0219,Meera Shah,Consumer,India,Chhattisgarh,Raipur,Central,Marketplace,ELEC-101,Electronics,Laptops,ApexBook 14 Laptop,4,69548.68,10,278194.72,27819.47,250375.25,52910.21,211640.84,38734.41,Wallet,Shipped,Samar Joshi
ORD-000144,2025-03-06,CUS-0236,Akash Jain,Enterprise,India,Madhya Pradesh,Indore,Central,Retail Store,ELEC-104,Electronics,Accessories,65W USB-C Charger,15,2437.93,0,36568.95,0.00,36568.95,1161.16,17417.40,19151.55,UPI,Delivered,Neil Gupta
ORD-000829,2025-03-06,CUS-0052,Aarav Desai,Consumer,India,Madhya Pradesh,Indore,Central,Corporate Sales,OFFC-301,Office Supplies,Paper,A4 Copy Paper Box,3,1964.35,0,5893.05,0.00,5893.05,1047.66,3142.98,2750.07,Credit Card,Shipped,Samar Joshi
ORD-000849,2025-03-06,CUS-0208,Aarav Desai,Consumer,India,Odisha,Bhubaneswar,East,Corporate Sales,SOFT-403,Software,Design,DesignFlow Annual License,7,15523.06,0,108661.42,0.00,108661.42,4298.26,30087.82,78573.60,Debit Card,Delivered,Anjali Mehta
ORD-000694,2025-03-08,CUS-0215,Priya Gupta,Consumer,India,Gujarat,Surat,West,Online Store,FURN-204,Furniture,Tables,Metro Conference Table,4,38217.24,10,152868.96,15286.90,137582.06,27355.71,109422.84,28159.22,UPI,Delivered,Ira Nair
ORD-001151,2025-03-08,CUS-0042,Aisha Iyer,Small Business,India,West Bengal,Kolkata,East,Marketplace,ELEC-102,Electronics,Smartphones,Nova X5 Smartphone,7,34270.98,10,239896.86,23989.69,215907.17,24067.57,168472.99,0.00,Credit Card,Cancelled,Ritu Sharma
ORD-000173,2025-03-09,CUS-0125,Ananya Jain,Consumer,India,Uttar Pradesh,Noida,North,Marketplace,OFFC-303,Office Supplies,Organization,Desktop Organizer,7,1257.10,15,8799.70,1319.96,7479.74,627.64,4393.48,3086.26,Wallet,Shipped,Ritu Sharma
ORD-000394,2025-03-09,CUS-0120,Rahul Kapoor,Consumer,India,Maharashtra,Mumbai,West,Retail Store,APPL-502,Appliances,Climate,PureAir Room Purifier,7,16952.15,5,118665.05,5933.25,112731.80,10438.07,73066.49,39665.31,Bank Transfer,Delivered,Maya Shah
ORD-000587,2025-03-09,CUS-0201,Ananya Agarwal,Consumer,India,West Bengal,Kolkata,East,Online Store,ELEC-101,Electronics,Laptops,ApexBook 14 Laptop,1,73136.89,15,73136.89,10970.53,62166.36,53929.82,53929.82,8236.54,Cash on Delivery,Delivered,Anjali Mehta
ORD-000263,2025-03-10,CUS-0103,Ishaan Shah,Consumer,India,Delhi,New Delhi,North,Corporate Sales,SOFT-401,Software,Productivity,OfficeSuite Annual License,2,7921.71,5,15843.42,792.17,15051.25,2192.84,4385.68,10665.57,Credit Card,Delivered,Dev Patel
ORD-000830,2025-03-10,CUS-0296,Vikram Gupta,Consumer,India,Madhya Pradesh,Indore,Central,Online Store,FURN-204,Furniture,Tables,Metro Conference Table,4,41549.01,10,166196.04,16619.60,149576.44,26252.23,105008.92,44567.52,Debit Card,Shipped,Ira Nair
ORD-000498,2025-03-11,CUS-0259,Kabir Rao,Enterprise,India,Tamil Nadu,Chennai,South,Corporate Sales,FURN-203,Furniture,Storage,Steel Filing Cabinet,20,9579.26,0,191585.20,0.00,191585.20,5636.25,112725.00,78860.20,Debit Card,Shipped,Dev Patel
ORD-001061,2025-03-12,CUS-0253,Kavya Rao,Small Business,India,Odisha,Bhubaneswar,East,Marketplace,APPL-502,Appliances,Climate,PureAir Room Purifier,3,17579.00,0,52737.00,0.00,52737.00,10126.69,30380.07,22356.93,Credit Card,Delivered,Anjali Mehta
ORD-000650,2025-03-13,CUS-0207,Meera Mehta,Consumer,India,Tamil Nadu,Chennai,South,Online Store,SOFT-403,Software,Design,DesignFlow Annual License,1,14838.68,5,14838.68,741.93,14096.75,4265.63,4265.63,9831.12,Credit Card,Delivered,Samar Joshi
ORD-000167,2025-03-14,CUS-0185,Arjun Verma,Enterprise,India,Gujarat,Ahmedabad,West,Corporate Sales,ELEC-105,Electronics,Monitors,Vision 27-inch Monitor,4,23159.05,10,92636.20,9263.62,83372.58,14992.33,59969.32,23403.26,Wallet,Delivered,Karan Singh
ORD-000995,2025-03-14,CUS-0295,Arjun Rao,Consumer,India,Maharashtra,Pune,West,Retail Store,FURN-203,Furniture,Storage,Steel Filing Cabinet,7,9255.84,10,64790.88,6479.09,58311.79,5685.05,39795.35,18516.44,Debit Card,Delivered,Anjali Mehta
ORD-000030,2025-03-15,CUS-0113,Arjun Jain,Consumer,India,Odisha,Bhubaneswar,East,Marketplace,OFFC-302,Office Supplies,Writing,Premium Pen Pack,4,486.98,0,1947.92,0.00,1947.92,209.92,839.68,1108.24,Wallet,Delivered,Samar Joshi
ORD-000359,2025-03-16,CUS-0107,Zoya Iyer,Consumer,India,Delhi,New Delhi,North,Marketplace,ELEC-103,Electronics,Audio,Pulse Wireless Headphones,2,6126.26,15,12252.52,1837.88,10414.64,3263.94,6527.88,3886.76,Cash on Delivery,Returned,Dev Patel
ORD-000761,2025-03-17,CUS-0309,Ishaan Joshi,Consumer,India,Punjab,Chandigarh,North,Corporate Sales,APPL-502,Appliances,Climate,PureAir Room Purifier,2,17305.80,20,34611.60,6922.32,27689.28,10570.12,21140.24,6549.04,Credit Card,Delivered,Karan Singh
ORD-000946,2025-03-17,CUS-0089,Kabir Iyer,Consumer,India,Rajasthan,Jaipur,North,Corporate Sales,OFFC-304,Office Supplies,Notebooks,Executive Notebook Set,1,878.84,5,878.84,43.94,834.90,388.52,388.52,446.38,Wallet,Delivered,Karan Singh
ORD-001013,2025-03-18,CUS-0309,Ishaan Joshi,Consumer,India,Madhya Pradesh,Indore,Central,Marketplace,SOFT-401,Software,Productivity,OfficeSuite Annual License,4,8278.91,20,33115.64,6623.13,26492.51,2189.52,8758.08,17734.43,Credit Card,Delivered,Ritu Sharma
ORD-000552,2025-03-21,CUS-0100,Zoya Verma,Consumer,India,Karnataka,Bengaluru,South,Corporate Sales,SOFT-403,Software,Design,DesignFlow Annual License,7,15836.01,5,110852.07,5542.60,105309.47,4258.86,29812.02,75497.45,Wallet,Shipped,Neil Gupta
ORD-000138,2025-03-22,CUS-0212,Kabir Verma,Consumer,India,Karnataka,Bengaluru,South,Marketplace,APPL-501,Appliances,Kitchen,BrewMaster Coffee Machine,4,12469.93,0,49879.72,0.00,49879.72,7327.42,29309.68,20570.04,Debit Card,Processing,Anjali Mehta
ORD-000938,2025-03-23,CUS-0069,Arjun Verma,Consumer,India,Gujarat,Surat,West,Corporate Sales,ELEC-101,Electronics,Laptops,ApexBook 14 Laptop,4,71737.37,10,286949.48,28694.95,258254.53,54109.39,216437.56,41816.97,Credit Card,Returned,Karan Singh
ORD-000870,2025-03-24,CUS-0243,Arjun Iyer,Consumer,India,Delhi,New Delhi,North,Online Store,OFFC-304,Office Supplies,Notebooks,Executive Notebook Set,5,869.68,10,4348.40,434.84,3913.56,390.98,1954.90,1958.66,Wallet,Delivered,Maya Shah
ORD-000260,2025-03-26,CUS-0044,Kabir Kapoor,Consumer,India,Telangana,Hyderabad,South,Online Store,ELEC-102,Electronics,Smartphones,Nova X5 Smartphone,2,34136.42,10,68272.84,6827.28,61445.56,24511.57,49023.14,12422.42,UPI,Delivered,Dev Patel
ORD-001200,2025-03-26,CUS-0087,Riya Joshi,Small Business,India,Rajasthan,Jaipur,North,Marketplace,FURN-204,Furniture,Tables,Metro Conference Table,5,37658.25,0,188291.25,0.00,188291.25,26832.50,134162.50,54128.75,UPI,Processing,Ira Nair
ORD-000168,2025-03-27,CUS-0070,Akash Patel,Consumer,India,Madhya Pradesh,Indore,Central,Retail Store,APPL-501,Appliances,Kitchen,BrewMaster Coffee Machine,3,11433.11,10,34299.33,3429.93,30869.40,7435.06,22305.18,8564.22,UPI,Delivered,Samar Joshi
ORD-000191,2025-03-27,CUS-0296,Vikram Gupta,Consumer,India,Tamil Nadu,Chennai,South,Online Store,APPL-501,Appliances,Kitchen,BrewMaster Coffee Machine,5,12431.15,15,62155.75,9323.36,52832.39,7510.50,37552.50,15279.89,Credit Card,Shipped,Neil Gupta
ORD-001085,2025-03-27,CUS-0211,Nikhil Desai,Consumer,India,Tamil Nadu,Chennai,South,Online Store,OFFC-302,Office Supplies,Writing,Premium Pen Pack,4,487.79,15,1951.16,292.67,1658.49,209.65,838.60,819.89,Cash on Delivery,Delivered,Anjali Mehta
ORD-001199,2025-03-27,CUS-0020,Aditi Singh,Consumer,India,Gujarat,Ahmedabad,West,Marketplace,OFFC-301,Office Supplies,Paper,A4 Copy Paper Box,5,1825.38,15,9126.90,1369.04,7757.86,1084.39,5421.95,2335.91,UPI,Delivered,Samar Joshi
ORD-000076,2025-04-01,CUS-0255,Priya Sharma,Small Business,India,Delhi,New Delhi,North,Retail Store,SOFT-401,Software,Productivity,OfficeSuite Annual License,7,7692.33,0,53846.31,0.00,53846.31,2138.68,14970.76,38875.55,Bank Transfer,Delivered,Ira Nair
ORD-000404,2025-04-02,CUS-0005,Neha Verma,Consumer,India,Madhya Pradesh,Indore,Central,Corporate Sales,APPL-502,Appliances,Climate,PureAir Room Purifier,7,17200.39,10,120402.73,12040.27,108362.46,10484.65,73392.55,34969.91,Debit Card,Processing,Ira Nair
ORD-001248,2025-04-02,CUS-0171,Vikram Desai,Consumer,India,West Bengal,Kolkata,East,Corporate Sales,ELEC-104,Electronics,Accessories,65W USB-C Charger,7,2357.16,10,16500.12,1650.01,14850.11,1166.83,8167.81,6682.30,Wallet,Delivered,Karan Singh
ORD-000978,2025-04-03,CUS-0318,Akash Agarwal,Consumer,India,Maharashtra,Pune,West,Marketplace,FURN-202,Furniture,Desks,Oak Standing Desk,5,27673.83,15,138369.15,20755.37,117613.78,19018.58,95092.90,22520.88,Wallet,Delivered,Ira Nair
ORD-000054,2025-04-04,CUS-0135,Aisha Agarwal,Consumer,India,Punjab,Chandigarh,North,Marketplace,ELEC-105,Electronics,Monitors,Vision 27-inch Monitor,2,22586.68,10,45173.36,4517.34,40656.02,15013.35,30026.70,10629.32,Credit Card,Delivered,Maya Shah
ORD-000666,2025-04-04,CUS-0032,Priya Jain,Consumer,India,Maharashtra,Pune,West,Corporate Sales,APPL-502,Appliances,Climate,PureAir Room Purifier,6,16685.87,0,100115.22,0.00,100115.22,10290.67,61744.02,38371.20,UPI,Processing,Dev Patel
ORD-000766,2025-04-06,CUS-0140,Aditi Patel,Consumer,India,Uttar Pradesh,Noida,North,Corporate Sales,APPL-502,Appliances,Climate,PureAir Room Purifier,3,17025.24,5,51075.72,2553.79,48521.93,10648.61,31945.83,16576.10,Cash on Delivery,Delivered,Samar Joshi
ORD-000112,2025-04-07,CUS-0253,Kavya Rao,Small Business,India,Punjab,Chandigarh,North,Online Store,FURN-203,Furniture,Storage,Steel Filing Cabinet,6,9169.78,0,55018.68,0.00,55018.68,5816.70,34900.20,20118.48,Cash on Delivery,Delivered,Ira Nair
ORD-001122,2025-04-08,CUS-0159,Vikram Jain,Consumer,India,Karnataka,Mysuru,South,Corporate Sales,ELEC-105,Electronics,Monitors,Vision 27-inch Monitor,3,21832.93,5,65498.79,3274.94,62223.85,15197.39,45592.17,16631.68,Credit Card,Shipped,Karan Singh
ORD-001082,2025-04-09,CUS-0122,Kavya Gupta,Small Business,India,Punjab,Chandigarh,North,Corporate Sales,ELEC-104,Electronics,Accessories,65W USB-C Charger,3,2538.19,0,7614.57,0.00,7614.57,1144.82,3434.46,4180.11,Bank Transfer,Delivered,Ira Nair
ORD-001134,2025-04-09,CUS-0237,Neha Rao,Consumer,India,Karnataka,Bengaluru,South,Corporate Sales,APPL-502,Appliances,Climate,PureAir Room Purifier,6,15995.39,5,95972.34,4798.62,91173.72,10318.02,61908.12,29265.60,UPI,Delivered,Ritu Sharma
ORD-000042,2025-04-11,CUS-0266,Arjun Nair,Consumer,India,Maharashtra,Mumbai,West,Marketplace,ELEC-101,Electronics,Laptops,ApexBook 14 Laptop,2,74466.58,15,148933.16,22339.97,126593.19,53053.10,106106.20,20486.99,Bank Transfer,Delivered,Dev Patel
ORD-000364,2025-04-11,CUS-0172,Aisha Jain,Enterprise,India,Karnataka,Mysuru,South,Corporate Sales,OFFC-302,Office Supplies,Writing,Premium Pen Pack,4,492.65,20,1970.60,394.12,1576.48,213.11,852.44,724.04,Wallet,Delivered,Neil Gupta
ORD-000625,2025-04-11,CUS-0048,Priya Sharma,Consumer,India,Gujarat,Surat,West,Retail Store,FURN-201,Furniture,Chairs,ErgoMesh Office Chair,6,14728.81,0,88372.86,0.00,88372.86,8589.23,51535.38,36837.48,UPI,Delivered,Ritu Sharma
ORD-000964,2025-04-11,CUS-0289,Nikhil Rao,Consumer,India,Uttar Pradesh,Noida,North,Marketplace,SOFT-403,Software,Design,DesignFlow Annual License,5,15335.76,5,76678.80,3833.94,72844.86,4319.19,21595.95,51248.91,Bank Transfer,Shipped,Maya Shah
ORD-000036,2025-04-12,CUS-0310,Diya Agarwal,Consumer,India,Rajasthan,Jaipur,North,Corporate Sales,APPL-502,Appliances,Climate,PureAir Room Purifier,3,16845.17,10,50535.51,5053.55,45481.96,10325.60,30976.80,14505.16,Credit Card,Delivered,Maya Shah
ORD-000077,2025-04-14,CUS-0096,Riya Agarwal,Consumer,India,Uttar Pradesh,Noida,North,Corporate Sales,APPL-502,Appliances,Climate,PureAir Room Purifier,7,16509.33,20,115565.31,23113.06,92452.25,10258.88,71812.16,20640.09,Debit Card,Delivered,Karan Singh
ORD-000321,2025-04-14,CUS-0228,Neha Verma,Small Business,India,Gujarat,Ahmedabad,West,Marketplace,SOFT-401,Software,Productivity,OfficeSuite Annual License,5,7567.14,5,37835.70,1891.79,35943.91,2146.12,10730.60,25213.31,Debit Card,Delivered,Maya Shah
ORD-001048,2025-04-14,CUS-0123,Riya Joshi,Enterprise,India,Madhya Pradesh,Indore,Central,Retail Store,ELEC-103,Electronics,Audio,Pulse Wireless Headphones,17,6125.78,0,104138.26,0.00,104138.26,3282.97,55810.49,48327.77,Debit Card,Delivered,Ira Nair
ORD-001203,2025-04-14,CUS-0098,Zoya Sharma,Consumer,India,Delhi,New Delhi,North,Retail Store,ELEC-103,Electronics,Audio,Pulse Wireless Headphones,7,5770.22,5,40391.54,2019.58,38371.96,3390.66,23734.62,14637.34,Credit Card,Delivered,Samar Joshi
ORD-000164,2025-04-15,CUS-0207,Meera Mehta,Consumer,India,Madhya Pradesh,Indore,Central,Marketplace,SOFT-403,Software,Design,DesignFlow Annual License,7,14325.07,20,100275.49,20055.10,80220.39,4295.60,30069.20,50151.19,UPI,Delivered,Ira Nair
ORD-000175,2025-04-16,CUS-0220,Aditi Desai,Enterprise,India,Tamil Nadu,Chennai,South,Corporate Sales,SOFT-402,Software,Security,SecurePro Endpoint License,6,4950.75,5,29704.50,1485.23,28219.27,1365.14,8190.84,20028.43,Wallet,Delivered,Neil Gupta
ORD-000099,2025-04-18,CUS-0319,Ananya Shah,Consumer,India,Telangana,Hyderabad,South,Retail Store,APPL-502,Appliances,Climate,PureAir Room Purifier,7,17305.92,0,121141.44,0.00,121141.44,10696.09,74872.63,46268.81,Bank Transfer,Delivered,Dev Patel
ORD-000468,2025-04-18,CUS-0031,Aarav Mehta,Consumer,India,Madhya Pradesh,Indore,Central,Online Store,OFFC-304,Office Supplies,Notebooks,Executive Notebook Set,6,862.85,0,5177.10,0.00,5177.10,384.77,2308.62,2868.48,Credit Card,Returned,Karan Singh
ORD-001153,2025-04-18,CUS-0158,Kabir Jain,Consumer,India,Tamil Nadu,Chennai,South,Retail Store,SOFT-403,Software,Design,DesignFlow Annual License,5,15024.14,10,75120.70,7512.07,67608.63,4092.96,20464.80,47143.83,UPI,Delivered,Karan Singh
ORD-000187,2025-04-19,CUS-0266,Arjun Nair,Consumer,India,Punjab,Chandigarh,North,Online Store,ELEC-101,Electronics,Laptops,ApexBook 14 Laptop,3,74705.06,0,224115.18,0.00,224115.18,54125.23,162375.69,61739.49,Wallet,Delivered,Ira Nair
ORD-000429,2025-04-19,CUS-0210,Kabir Sharma,Consumer,India,Rajasthan,Jaipur,North,Online Store,FURN-203,Furniture,Storage,Steel Filing Cabinet,4,9834.55,0,39338.20,0.00,39338.20,5668.94,22675.76,16662.44,Cash on Delivery,Shipped,Ira Nair
ORD-000770,2025-04-19,CUS-0121,Kabir Singh,Small Business,India,Maharashtra,Pune,West,Online Store,FURN-201,Furniture,Chairs,ErgoMesh Office Chair,6,14489.65,5,86937.90,4346.90,82591.00,8515.17,51091.02,31499.98,Wallet,Processing,Ritu Sharma
ORD-000441,2025-04-20,CUS-0314,Priya Joshi,Small Business,India,Karnataka,Mysuru,South,Corporate Sales,SOFT-402,Software,Security,SecurePro Endpoint License,6,4835.35,5,29012.10,1450.61,27561.49,1437.06,8622.36,18939.13,Credit Card,Delivered,Neil Gupta
ORD-000620,2025-04-20,CUS-0058,Rohan Mehta,Small Business,India,Gujarat,Surat,West,Retail Store,FURN-202,Furniture,Desks,Oak Standing Desk,7,30183.12,0,211281.84,0.00,211281.84,18729.63,131107.41,0.00,Bank Transfer,Cancelled,Maya Shah
ORD-000366,2025-04-21,CUS-0054,Riya Singh,Consumer,India,Odisha,Bhubaneswar,East,Online Store,SOFT-402,Software,Security,SecurePro Endpoint License,5,5207.60,5,26038.00,1301.90,24736.10,1388.72,6943.60,17792.50,Bank Transfer,Delivered,Ritu Sharma
ORD-000560,2025-04-21,CUS-0262,Aditi Desai,Small Business,India,Rajasthan,Jaipur,North,Marketplace,SOFT-403,Software,Design,DesignFlow Annual License,3,15412.55,5,46237.65,2311.88,43925.77,4122.15,12366.45,31559.32,Debit Card,Delivered,Anjali Mehta
ORD-000617,2025-04-22,CUS-0172,Aisha Jain,Enterprise,India,Gujarat,Surat,West,Corporate Sales,FURN-202,Furniture,Desks,Oak Standing Desk,15,27997.77,10,419966.55,41996.66,377969.89,19210.78,288161.70,89808.19,Wallet,Delivered,Samar Joshi
ORD-000717,2025-04-22,CUS-0273,Aditi Jain,Small Business,India,Maharashtra,Mumbai,West,Retail Store,ELEC-101,Electronics,Laptops,ApexBook 14 Laptop,6,71075.83,0,426454.98,0.00,426454.98,53963.70,323782.20,102672.78,Cash on Delivery,Shipped,Ritu Sharma
ORD-001177,2025-04-23,CUS-0267,Neha Kapoor,Consumer,India,Chhattisgarh,Raipur,Central,Retail Store,APPL-501,Appliances,Kitchen,BrewMaster Coffee Machine,5,12111.58,5,60557.90,3027.90,57530.00,7275.97,36379.85,21150.15,UPI,Processing,Neil Gupta
ORD-000317,2025-04-24,CUS-0291,Ishaan Nair,Consumer,India,Gujarat,Ahmedabad,West,Online Store,OFFC-302,Office Supplies,Writing,Premium Pen Pack,2,525.69,15,1051.38,157.71,893.67,204.04,408.08,485.59,UPI,Processing,Ira Nair
ORD-001071,2025-04-25,CUS-0197,Saanvi Joshi,Consumer,India,Karnataka,Mysuru,South,Marketplace,OFFC-304,Office Supplies,Notebooks,Executive Notebook Set,1,882.24,0,882.24,0.00,882.24,395.00,395.00,487.24,Debit Card,Returned,Anjali Mehta
ORD-001090,2025-04-26,CUS-0136,Nikhil Patel,Consumer,India,Madhya Pradesh,Indore,Central,Retail Store,OFFC-303,Office Supplies,Organization,Desktop Organizer,6,1282.63,10,7695.78,769.58,6926.20,598.45,3590.70,3335.50,Cash on Delivery,Delivered,Neil Gupta
ORD-000341,2025-04-30,CUS-0259,Kabir Rao,Enterprise,India,Punjab,Chandigarh,North,Marketplace,OFFC-301,Office Supplies,Paper,A4 Copy Paper Box,6,1960.22,0,11761.32,0.00,11761.32,1096.43,6578.58,5182.74,UPI,Delivered,Dev Patel
ORD-000427,2025-04-30,CUS-0003,Saanvi Singh,Consumer,India,Karnataka,Mysuru,South,Online Store,FURN-203,Furniture,Storage,Steel Filing Cabinet,4,9146.69,5,36586.76,1829.34,34757.42,5780.86,23123.44,11633.98,Cash on Delivery,Processing,Ira Nair
ORD-000731,2025-04-30,CUS-0203,Saanvi Gupta,Small Business,India,West Bengal,Kolkata,East,Retail Store,FURN-204,Furniture,Tables,Metro Conference Table,5,39053.52,15,195267.60,29290.14,165977.46,26626.86,133134.30,32843.16,Credit Card,Delivered,Neil Gupta
ORD-001123,2025-04-30,CUS-0171,Vikram Desai,Consumer,India,Chhattisgarh,Raipur,Central,Marketplace,ELEC-103,Electronics,Audio,Pulse Wireless Headphones,4,5913.68,0,23654.72,0.00,23654.72,3272.42,13089.68,10565.04,UPI,Delivered,Anjali Mehta
ORD-000180,2025-05-01,CUS-0182,Diya Patel,Consumer,India,Madhya Pradesh,Indore,Central,Retail Store,FURN-202,Furniture,Desks,Oak Standing Desk,7,29071.80,10,203502.60,20350.26,183152.34,18180.90,127266.30,55886.04,Bank Transfer,Shipped,Karan Singh
ORD-000264,2025-05-01,CUS-0088,Ishaan Nair,Consumer,India,Punjab,Chandigarh,North,Online Store,SOFT-402,Software,Security,SecurePro Endpoint License,6,5026.32,5,30157.92,1507.90,28650.02,1378.47,8270.82,20379.20,Credit Card,Delivered,Samar Joshi
ORD-000838,2025-05-01,CUS-0300,Nikhil Singh,Consumer,India,Gujarat,Surat,West,Online Store,FURN-201,Furniture,Chairs,ErgoMesh Office Chair,3,13659.04,15,40977.12,6146.57,34830.55,8368.55,25105.65,9724.90,Wallet,Delivered,Samar Joshi
ORD-000916,2025-05-01,CUS-0252,Diya Jain,Consumer,India,West Bengal,Kolkata,East,Marketplace,ELEC-105,Electronics,Monitors,Vision 27-inch Monitor,7,22785.90,0,159501.30,0.00,159501.30,15336.37,107354.59,52146.71,Credit Card,Delivered,Dev Patel
ORD-000641,2025-05-02,CUS-0024,Akash Shah,Consumer,India,Madhya Pradesh,Indore,Central,Marketplace,FURN-201,Furniture,Chairs,ErgoMesh Office Chair,5,13638.20,15,68191.00,10228.65,57962.35,8292.88,41464.40,0.00,Bank Transfer,Cancelled,Maya Shah
ORD-001139,2025-05-02,CUS-0207,Meera Mehta,Consumer,India,Karnataka,Bengaluru,South,Corporate Sales,ELEC-101,Electronics,Laptops,ApexBook 14 Laptop,2,70910.83,20,141821.66,28364.33,113457.33,55450.80,110901.60,2555.73,Debit Card,Delivered,Neil Gupta
ORD-001205,2025-05-02,CUS-0127,Meera Jain,Consumer,India,Uttar Pradesh,Noida,North,Retail Store,SOFT-401,Software,Productivity,OfficeSuite Annual License,5,7912.73,20,39563.65,7912.73,31650.92,2247.02,11235.10,20415.82,Wallet,Delivered,Ira Nair
ORD-000380,2025-05-03,CUS-0284,Saanvi Iyer,Enterprise,India,Karnataka,Bengaluru,South,Corporate Sales,ELEC-104,Electronics,Accessories,65W USB-C Charger,9,2608.92,0,23480.28,0.00,23480.28,1143.14,10288.26,13192.02,Credit Card,Delivered,Ritu Sharma
ORD-000477,2025-05-03,CUS-0025,Nikhil Desai,Enterprise,India,Karnataka,Mysuru,South,Corporate Sales,ELEC-103,Electronics,Audio,Pulse Wireless Headphones,4,6313.89,0,25255.56,0.00,25255.56,3379.40,13517.60,11737.96,Cash on Delivery,Returned,Anjali Mehta
ORD-001241,2025-05-03,CUS-0016,Neha Patel,Small Business,India,Maharashtra,Pune,West,Online Store,FURN-201,Furniture,Chairs,ErgoMesh Office Chair,6,13334.63,5,80007.78,4000.39,76007.39,8254.88,49529.28,26478.11,Cash on Delivery,Delivered,Samar Joshi
ORD-000604,2025-05-04,CUS-0072,Meera Agarwal,Small Business,India,Maharashtra,Mumbai,West,Retail Store,ELEC-105,Electronics,Monitors,Vision 27-inch Monitor,3,20923.73,10,62771.19,6277.12,56494.07,15221.81,45665.43,10828.64,Cash on Delivery,Shipped,Samar Joshi
ORD-000593,2025-05-05,CUS-0224,Diya Nair,Enterprise,India,Gujarat,Ahmedabad,West,Online Store,APPL-501,Appliances,Kitchen,BrewMaster Coffee Machine,8,12068.44,0,96547.52,0.00,96547.52,7158.44,57267.52,39280.00,UPI,Returned,Ira Nair
ORD-000638,2025-05-05,CUS-0174,Aditi Patel,Enterprise,India,Rajasthan,Jaipur,North,Corporate Sales,APPL-501,Appliances,Kitchen,BrewMaster Coffee Machine,13,11819.55,5,153654.15,7682.71,145971.44,7371.73,95832.49,50138.95,Credit Card,Returned,Anjali Mehta
ORD-000701,2025-05-05,CUS-0254,Arjun Patel,Small Business,India,Rajasthan,Jaipur,North,Corporate Sales,OFFC-304,Office Supplies,Notebooks,Executive Notebook Set,6,886.12,5,5316.72,265.84,5050.88,398.44,2390.64,2660.24,UPI,Processing,Ira Nair
ORD-000640,2025-05-06,CUS-0255,Priya Sharma,Small Business,India,Maharashtra,Mumbai,West,Retail Store,SOFT-401,Software,Productivity,OfficeSuite Annual License,4,7690.53,5,30762.12,1538.11,29224.01,2245.33,8981.32,20242.69,Credit Card,Delivered,Anjali Mehta
ORD-000032,2025-05-07,CUS-0084,Riya Desai,Enterprise,India,Gujarat,Ahmedabad,West,Corporate Sales,OFFC-301,Office Supplies,Paper,A4 Copy Paper Box,11,1823.35,0,20056.85,0.00,20056.85,1107.30,12180.30,7876.55,Debit Card,Delivered,Neil Gupta
ORD-000568,2025-05-09,CUS-0182,Diya Patel,Consumer,India,Chhattisgarh,Raipur,Central,Marketplace,FURN-203,Furniture,Storage,Steel Filing Cabinet,6,9835.38,0,59012.28,0.00,59012.28,5672.67,34036.02,24976.26,UPI,Delivered,Neil Gupta
ORD-001164,2025-05-10,CUS-0131,Vikram Nair,Consumer,India,Gujarat,Surat,West,Retail Store,FURN-202,Furniture,Desks,Oak Standing Desk,1,29051.92,10,29051.92,2905.19,26146.73,19148.62,19148.62,6998.11,Credit Card,Delivered,Neil Gupta
ORD-000637,2025-05-11,CUS-0119,Priya Desai,Consumer,India,Gujarat,Ahmedabad,West,Corporate Sales,OFFC-304,Office Supplies,Notebooks,Executive Notebook Set,2,918.62,10,1837.24,183.72,1653.52,385.53,771.06,882.46,UPI,Returned,Dev Patel
ORD-000276,2025-05-12,CUS-0234,Kavya Rao,Consumer,India,Karnataka,Mysuru,South,Corporate Sales,ELEC-101,Electronics,Laptops,ApexBook 14 Laptop,4,71201.07,10,284804.28,28480.43,256323.85,55160.87,220643.48,35680.37,Bank Transfer,Delivered,Karan Singh
ORD-000813,2025-05-13,CUS-0188,Meera Gupta,Small Business,India,Punjab,Chandigarh,North,Marketplace,SOFT-401,Software,Productivity,OfficeSuite Annual License,2,7898.59,10,15797.18,1579.72,14217.46,2185.19,4370.38,9847.08,Bank Transfer,Delivered,Samar Joshi
ORD-000479,2025-05-15,CUS-0298,Kabir Jain,Consumer,India,Karnataka,Bengaluru,South,Retail Store,FURN-203,Furniture,Storage,Steel Filing Cabinet,5,9485.13,10,47425.65,4742.56,42683.09,5853.68,29268.40,13414.69,Debit Card,Delivered,Ira Nair
ORD-000556,2025-05-16,CUS-0290,Rohan Sharma,Small Business,India,Chhattisgarh,Raipur,Central,Corporate Sales,OFFC-302,Office Supplies,Writing,Premium Pen Pack,5,480.89,10,2404.45,240.45,2164.00,205.80,1029.00,1135.00,Wallet,Processing,Samar Joshi
ORD-000895,2025-05-16,CUS-0276,Nikhil Rao,Consumer,India,Uttar Pradesh,Noida,North,Marketplace,SOFT-403,Software,Design,DesignFlow Annual License,3,15682.32,5,47046.96,2352.35,44694.61,4127.81,12383.43,32311.18,Wallet,Shipped,Ritu Sharma
ORD-000679,2025-05-17,CUS-0170,Zoya Jain,Consumer,India,Gujarat,Surat,West,Marketplace,OFFC-302,Office Supplies,Writing,Premium Pen Pack,5,527.79,10,2638.95,263.90,2375.05,211.08,1055.40,0.00,UPI,Cancelled,Samar Joshi
ORD-000776,2025-05-17,CUS-0087,Riya Joshi,Small Business,India,Tamil Nadu,Chennai,South,Online Store,OFFC-301,Office Supplies,Paper,A4 Copy Paper Box,5,1952.96,5,9764.80,488.24,9276.56,1070.49,5352.45,3924.11,Bank Transfer,Delivered,Ritu Sharma
ORD-001063,2025-05-17,CUS-0260,Diya Singh,Small Business,India,Tamil Nadu,Chennai,South,Marketplace,OFFC-303,Office Supplies,Organization,Desktop Organizer,6,1296.19,0,7777.14,0.00,7777.14,613.89,3683.34,4093.80,Cash on Delivery,Delivered,Ritu Sharma
ORD-000113,2025-05-18,CUS-0249,Zoya Iyer,Consumer,India,Madhya Pradesh,Indore,Central,Corporate Sales,ELEC-105,Electronics,Monitors,Vision 27-inch Monitor,1,21334.37,5,21334.37,1066.72,20267.65,15010.17,15010.17,5257.48,Debit Card,Delivered,Neil Gupta
ORD-000209,2025-05-18,CUS-0081,Aditi Joshi,Consumer,India,Chhattisgarh,Raipur,Central,Online Store,ELEC-102,Electronics,Smartphones,Nova X5 Smartphone,4,36551.11,20,146204.44,29240.89,116963.55,24967.03,99868.12,17095.43,Bank Transfer,Delivered,Ira Nair
ORD-000607,2025-05-18,CUS-0282,Kabir Singh,Small Business,India,Rajasthan,Jaipur,North,Corporate Sales,FURN-202,Furniture,Desks,Oak Standing Desk,2,29870.02,0,59740.04,0.00,59740.04,18845.79,37691.58,22048.46,Wallet,Delivered,Dev Patel
ORD-000219,2025-05-19,CUS-0008,Meera Jain,Enterprise,India,Karnataka,Mysuru,South,Corporate Sales,ELEC-101,Electronics,Laptops,ApexBook 14 Laptop,4,71659.36,0,286637.44,0.00,286637.44,55584.51,222338.04,64299.40,UPI,Delivered,Dev Patel
ORD-001007,2025-05-22,CUS-0273,Aditi Jain,Small Business,India,Tamil Nadu,Chennai,South,Corporate Sales,SOFT-401,Software,Productivity,OfficeSuite Annual License,3,8353.40,0,25060.20,0.00,25060.20,2135.07,6405.21,18654.99,Cash on Delivery,Delivered,Ira Nair
ORD-000408,2025-05-23,CUS-0219,Meera Shah,Consumer,India,West Bengal,Kolkata,East,Online Store,APPL-501,Appliances,Kitchen,BrewMaster Coffee Machine,4,12327.76,15,49311.04,7396.66,41914.38,7105.92,28423.68,13490.70,Credit Card,Delivered,Anjali Mehta
ORD-000258,2025-05-26,CUS-0310,Diya Agarwal,Consumer,India,Tamil Nadu,Chennai,South,Retail Store,APPL-502,Appliances,Climate,PureAir Room Purifier,4,17118.81,5,68475.24,3423.76,65051.48,10096.74,40386.96,24664.52,Debit Card,Processing,Dev Patel
ORD-001146,2025-05-29,CUS-0275,Akash Rao,Consumer,India,Punjab,Chandigarh,North,Retail Store,ELEC-104,Electronics,Accessories,65W USB-C Charger,5,2447.79,0,12238.95,0.00,12238.95,1164.29,5821.45,6417.50,Debit Card,Delivered,Anjali Mehta
ORD-000024,2025-05-30,CUS-0247,Aarav Sharma,Consumer,India,Madhya Pradesh,Indore,Central,Marketplace,OFFC-302,Office Supplies,Writing,Premium Pen Pack,2,469.68,10,939.36,93.94,845.42,216.16,432.32,413.10,Bank Transfer,Delivered,Ira Nair
ORD-000288,2025-06-01,CUS-0298,Kabir Jain,Consumer,India,Delhi,New Delhi,North,Retail Store,ELEC-102,Electronics,Smartphones,Nova X5 Smartphone,1,34351.98,5,34351.98,1717.60,32634.38,24602.02,24602.02,8032.36,UPI,Processing,Samar Joshi
ORD-000989,2025-06-01,CUS-0286,Aditi Joshi,Enterprise,India,Punjab,Chandigarh,North,Corporate Sales,ELEC-101,Electronics,Laptops,ApexBook 14 Laptop,3,75936.62,0,227809.86,0.00,227809.86,53243.36,159730.08,68079.78,UPI,Delivered,Dev Patel
ORD-001020,2025-06-01,CUS-0204,Aarav Shah,Consumer,India,West Bengal,Kolkata,East,Online Store,OFFC-304,Office Supplies,Notebooks,Executive Notebook Set,4,931.15,5,3724.60,186.23,3538.37,388.38,1553.52,1984.85,Wallet,Returned,Ritu Sharma
ORD-001216,2025-06-01,CUS-0023,Meera Verma,Consumer,India,Chhattisgarh,Raipur,Central,Online Store,APPL-501,Appliances,Kitchen,BrewMaster Coffee Machine,7,12219.24,15,85534.68,12830.20,72704.48,7458.33,52208.31,20496.17,Cash on Delivery,Delivered,Neil Gupta
ORD-000769,2025-06-02,CUS-0069,Arjun Verma,Consumer,India,Telangana,Hyderabad,South,Retail Store,APPL-502,Appliances,Climate,PureAir Room Purifier,6,17463.79,20,104782.74,20956.55,83826.19,10266.14,61596.84,22229.35,Debit Card,Delivered,Dev Patel
ORD-000511,2025-06-03,CUS-0135,Aisha Agarwal,Consumer,India,Madhya Pradesh,Indore,Central,Corporate Sales,OFFC-304,Office Supplies,Notebooks,Executive Notebook Set,7,905.73,0,6340.11,0.00,6340.11,398.04,2786.28,3553.83,Bank Transfer,Delivered,Ira Nair
ORD-000831,2025-06-03,CUS-0134,Diya Desai,Consumer,India,Gujarat,Ahmedabad,West,Corporate Sales,ELEC-101,Electronics,Laptops,ApexBook 14 Laptop,2,74811.85,5,149623.70,7481.19,142142.51,52566.55,105133.10,0.00,Bank Transfer,Cancelled,Maya Shah
ORD-000224,2025-06-04,CUS-0060,Priya Kapoor,Consumer,India,Tamil Nadu,Chennai,South,Marketplace,ELEC-101,Electronics,Laptops,ApexBook 14 Laptop,1,77226.55,5,77226.55,3861.33,73365.22,55439.28,55439.28,17925.94,Debit Card,Processing,Samar Joshi
ORD-000444,2025-06-05,CUS-0083,Ishaan Nair,Consumer,India,Gujarat,Ahmedabad,West,Corporate Sales,OFFC-303,Office Supplies,Organization,Desktop Organizer,2,1301.34,0,2602.68,0.00,2602.68,607.00,1214.00,1388.68,UPI,Delivered,Ritu Sharma
ORD-000649,2025-06-05,CUS-0212,Kabir Verma,Consumer,India,Maharashtra,Mumbai,West,Corporate Sales,FURN-202,Furniture,Desks,Oak Standing Desk,5,27573.81,25,137869.05,34467.26,103401.79,18658.06,93290.30,10111.49,Bank Transfer,Delivered,Samar Joshi
ORD-000590,2025-06-06,CUS-0174,Aditi Patel,Enterprise,India,Tamil Nadu,Chennai,South,Online Store,ELEC-103,Electronics,Audio,Pulse Wireless Headphones,10,5998.43,5,59984.30,2999.22,56985.08,3275.03,32750.30,24234.78,UPI,Delivered,Samar Joshi
ORD-000632,2025-06-06,CUS-0204,Aarav Shah,Consumer,India,Gujarat,Ahmedabad,West,Corporate Sales,ELEC-101,Electronics,Laptops,ApexBook 14 Laptop,4,73383.55,20,293534.20,58706.84,234827.36,53444.46,213777.84,21049.52,Wallet,Delivered,Maya Shah
ORD-000368,2025-06-07,CUS-0145,Akash Shah,Consumer,India,Maharashtra,Pune,West,Online Store,APPL-501,Appliances,Kitchen,BrewMaster Coffee Machine,4,11871.89,15,47487.56,7123.13,40364.43,7424.17,29696.68,10667.75,Cash on Delivery,Delivered,Maya Shah
ORD-000889,2025-06-08,CUS-0185,Arjun Verma,Enterprise,India,Delhi,New Delhi,North,Retail Store,FURN-203,Furniture,Storage,Steel Filing Cabinet,15,9211.48,5,138172.20,6908.61,131263.59,5583.46,83751.90,47511.69,Cash on Delivery,Delivered,Anjali Mehta
ORD-000860,2025-06-10,CUS-0312,Ananya Singh,Enterprise,India,Telangana,Hyderabad,South,Corporate Sales,APPL-502,Appliances,Climate,PureAir Room Purifier,8,17203.95,15,137631.60,20644.74,116986.86,10702.04,85616.32,31370.54,Wallet,Delivered,Samar Joshi
ORD-000360,2025-06-12,CUS-0002,Akash Jain,Enterprise,India,Telangana,Hyderabad,South,Corporate Sales,OFFC-304,Office Supplies,Notebooks,Executive Notebook Set,9,931.12,0,8380.08,0.00,8380.08,398.84,3589.56,0.00,Credit Card,Cancelled,Dev Patel
ORD-000057,2025-06-13,CUS-0287,Saanvi Jain,Consumer,India,Karnataka,Mysuru,South,Retail Store,APPL-501,Appliances,Kitchen,BrewMaster Coffee Machine,4,11774.68,0,47098.72,0.00,47098.72,7107.41,28429.64,18669.08,Bank Transfer,Delivered,Anjali Mehta
ORD-000166,2025-06-13,CUS-0269,Priya Rao,Consumer,India,Karnataka,Bengaluru,South,Retail Store,OFFC-304,Office Supplies,Notebooks,Executive Notebook Set,4,904.48,5,3617.92,180.90,3437.02,387.90,1551.60,1885.42,Wallet,Shipped,Ritu Sharma
ORD-001226,2025-06-15,CUS-0125,Ananya Jain,Consumer,India,Punjab,Chandigarh,North,Marketplace,ELEC-105,Electronics,Monitors,Vision 27-inch Monitor,2,22431.86,0,44863.72,0.00,44863.72,15265.13,30530.26,14333.46,Wallet,Delivered,Samar Joshi
ORD-000117,2025-06-16,CUS-0015,Rahul Kapoor,Consumer,India,West Bengal,Kolkata,East,Retail Store,SOFT-402,Software,Security,SecurePro Endpoint License,1,5266.41,0,5266.41,0.00,5266.41,1429.49,1429.49,3836.92,Credit Card,Delivered,Karan Singh
ORD-000962,2025-06-16,CUS-0249,Zoya Iyer,Consumer,India,Gujarat,Surat,West,Retail Store,ELEC-101,Electronics,Laptops,ApexBook 14 Laptop,4,74928.38,20,299713.52,59942.70,239770.82,52926.16,211704.64,28066.18,Cash on Delivery,Delivered,Karan Singh
ORD-000435,2025-06-17,CUS-0026,Meera Kapoor,Consumer,India,Punjab,Chandigarh,North,Retail Store,ELEC-101,Electronics,Laptops,ApexBook 14 Laptop,5,75685.04,0,378425.20,0.00,378425.20,54115.37,270576.85,107848.35,UPI,Delivered,Anjali Mehta
ORD-000480,2025-06-17,CUS-0187,Priya Gupta,Consumer,India,Telangana,Hyderabad,South,Corporate Sales,SOFT-402,Software,Security,SecurePro Endpoint License,3,5107.01,5,15321.03,766.05,14554.98,1404.34,4213.02,10341.96,Wallet,Delivered,Dev Patel
ORD-000530,2025-06-17,CUS-0029,Zoya Joshi,Consumer,India,Maharashtra,Pune,West,Retail Store,FURN-204,Furniture,Tables,Metro Conference Table,7,39951.08,0,279657.56,0.00,279657.56,26409.87,184869.09,94788.47,UPI,Shipped,Samar Joshi
ORD-000461,2025-06-18,CUS-0205,Nikhil Sharma,Small Business,India,West Bengal,Kolkata,East,Corporate Sales,FURN-203,Furniture,Storage,Steel Filing Cabinet,1,9939.66,10,9939.66,993.97,8945.69,5556.78,5556.78,3388.91,Credit Card,Returned,Neil Gupta
ORD-001155,2025-06-19,CUS-0126,Riya Shah,Consumer,India,Delhi,New Delhi,North,Corporate Sales,ELEC-104,Electronics,Accessories,65W USB-C Charger,7,2447.05,10,17129.35,1712.94,15416.41,1142.54,7997.78,7418.63,UPI,Returned,Maya Shah
ORD-000186,2025-06-20,CUS-0013,Riya Verma,Enterprise,India,Maharashtra,Pune,West,Corporate Sales,OFFC-304,Office Supplies,Notebooks,Executive Notebook Set,14,951.90,10,13326.60,1332.66,11993.94,398.80,5583.20,6410.74,Cash on Delivery,Returned,Ritu Sharma
ORD-000139,2025-06-23,CUS-0252,Diya Jain,Consumer,India,Karnataka,Bengaluru,South,Retail Store,OFFC-301,Office Supplies,Paper,A4 Copy Paper Box,3,1859.70,0,5579.10,0.00,5579.10,1108.64,3325.92,2253.18,Debit Card,Delivered,Ira Nair
ORD-000633,2025-06-23,CUS-0256,Arjun Sharma,Small Business,India,Delhi,New Delhi,North,Retail Store,FURN-203,Furniture,Storage,Steel Filing Cabinet,4,9843.16,5,39372.64,1968.63,37404.01,5576.56,22306.24,15097.77,Wallet,Delivered,Samar Joshi
ORD-000445,2025-06-26,CUS-0156,Saanvi Kapoor,Consumer,India,West Bengal,Kolkata,East,Marketplace,ELEC-105,Electronics,Monitors,Vision 27-inch Monitor,7,20917.88,5,146425.16,7321.26,139103.90,15380.74,107665.18,31438.72,UPI,Delivered,Neil Gupta
ORD-000611,2025-06-26,CUS-0174,Aditi Patel,Enterprise,India,Uttar Pradesh,Noida,North,Corporate Sales,APPL-501,Appliances,Kitchen,BrewMaster Coffee Machine,5,11505.64,15,57528.20,8629.23,48898.97,7103.26,35516.30,13382.67,Credit Card,Delivered,Ritu Sharma
ORD-000652,2025-06-26,CUS-0037,Diya Agarwal,Consumer,India,Rajasthan,Jaipur,North,Corporate Sales,SOFT-402,Software,Security,SecurePro Endpoint License,4,4796.30,10,19185.20,1918.52,17266.68,1419.18,5676.72,11589.96,Bank Transfer,Delivered,Neil Gupta
ORD-000739,2025-06-26,CUS-0155,Kabir Shah,Enterprise,India,Rajasthan,Jaipur,North,Corporate Sales,SOFT-403,Software,Design,DesignFlow Annual License,20,15721.55,10,314431.00,31443.10,282987.90,4323.64,86472.80,196515.10,Wallet,Delivered,Dev Patel
ORD-000906,2025-06-27,CUS-0291,Ishaan Nair,Consumer,India,Uttar Pradesh,Noida,North,Retail Store,OFFC-301,Office Supplies,Paper,A4 Copy Paper Box,3,1795.08,10,5385.24,538.52,4846.72,1058.81,3176.43,1670.29,Wallet,Delivered,Karan Singh
ORD-000726,2025-06-28,CUS-0200,Aisha Kapoor,Consumer,India,Gujarat,Ahmedabad,West,Online Store,SOFT-403,Software,Design,DesignFlow Annual License,7,15105.01,5,105735.07,5286.75,100448.32,4079.93,28559.51,71888.81,Bank Transfer,Returned,Neil Gupta
ORD-000019,2025-06-29,CUS-0127,Meera Jain,Consumer,India,Rajasthan,Jaipur,North,Marketplace,ELEC-101,Electronics,Laptops,ApexBook 14 Laptop,2,74338.85,0,148677.70,0.00,148677.70,53834.54,107669.08,41008.62,UPI,Delivered,Ritu Sharma
ORD-000378,2025-06-29,CUS-0183,Saanvi Sharma,Small Business,India,Gujarat,Ahmedabad,West,Online Store,SOFT-403,Software,Design,DesignFlow Annual License,6,14857.87,0,89147.22,0.00,89147.22,4101.21,24607.26,64539.96,Credit Card,Delivered,Ira Nair
ORD-000012,2025-06-30,CUS-0015,Rahul Kapoor,Consumer,India,Tamil Nadu,Chennai,South,Retail Store,APPL-501,Appliances,Kitchen,BrewMaster Coffee Machine,4,12491.37,5,49965.48,2498.27,47467.21,7384.30,29537.20,17930.01,Credit Card,Delivered,Anjali Mehta
ORD-000132,2025-06-30,CUS-0073,Kabir Iyer,Consumer,India,Madhya Pradesh,Indore,Central,Marketplace,OFFC-301,Office Supplies,Paper,A4 Copy Paper Box,5,1891.46,10,9457.30,945.73,8511.57,1096.78,5483.90,3027.67,Credit Card,Delivered,Ritu Sharma
ORD-000745,2025-06-30,CUS-0140,Aditi Patel,Consumer,India,Telangana,Hyderabad,South,Marketplace,ELEC-103,Electronics,Audio,Pulse Wireless Headphones,6,6161.78,5,36970.68,1848.53,35122.15,3238.81,19432.86,15689.29,Credit Card,Delivered,Ira Nair
ORD-000929,2025-06-30,CUS-0030,Neha Joshi,Consumer,India,Karnataka,Bengaluru,South,Online Store,FURN-203,Furniture,Storage,Steel Filing Cabinet,1,9884.01,15,9884.01,1482.60,8401.41,5648.72,5648.72,2752.69,Debit Card,Delivered,Neil Gupta
ORD-001088,2025-06-30,CUS-0146,Aisha Joshi,Enterprise,India,Maharashtra,Mumbai,West,Corporate Sales,OFFC-304,Office Supplies,Notebooks,Executive Notebook Set,19,942.29,5,17903.51,895.18,17008.33,381.84,7254.96,9753.37,UPI,Delivered,Anjali Mehta
ORD-000628,2025-07-01,CUS-0233,Akash Sharma,Consumer,India,Maharashtra,Pune,West,Online Store,FURN-201,Furniture,Chairs,ErgoMesh Office Chair,2,14775.46,10,29550.92,2955.09,26595.83,8346.12,16692.24,9903.59,Debit Card,Processing,Ira Nair
ORD-001243,2025-07-01,CUS-0219,Meera Shah,Consumer,India,Uttar Pradesh,Noida,North,Online Store,ELEC-103,Electronics,Audio,Pulse Wireless Headphones,2,5885.96,15,11771.92,1765.79,10006.13,3337.79,6675.58,3330.55,Credit Card,Delivered,Anjali Mehta
ORD-000384,2025-07-02,CUS-0013,Riya Verma,Enterprise,India,Karnataka,Mysuru,South,Corporate Sales,OFFC-303,Office Supplies,Organization,Desktop Organizer,17,1254.22,10,21321.74,2132.17,19189.57,607.10,10320.70,8868.87,Wallet,Returned,Ritu Sharma
ORD-000613,2025-07-02,CUS-0170,Zoya Jain,Consumer,India,Karnataka,Mysuru,South,Retail Store,ELEC-103,Electronics,Audio,Pulse Wireless Headphones,6,6189.58,0,37137.48,0.00,37137.48,3369.53,20217.18,16920.30,Wallet,Shipped,Anjali Mehta
ORD-000626,2025-07-02,CUS-0034,Rahul Iyer,Consumer,India,Gujarat,Surat,West,Retail Store,OFFC-304,Office Supplies,Notebooks,Executive Notebook Set,4,909.39,15,3637.56,545.63,3091.93,394.17,1576.68,1515.25,Debit Card,Delivered,Neil Gupta
ORD-000975,2025-07-02,CUS-0087,Riya Joshi,Small Business,India,Delhi,New Delhi,North,Online Store,FURN-202,Furniture,Desks,Oak Standing Desk,2,28268.79,0,56537.58,0.00,56537.58,18506.88,37013.76,19523.82,UPI,Delivered,Karan Singh
ORD-000245,2025-07-03,CUS-0020,Aditi Singh,Consumer,India,Punjab,Chandigarh,North,Online Store,SOFT-401,Software,Productivity,OfficeSuite Annual License,7,7907.42,10,55351.94,5535.19,49816.75,2206.27,15443.89,34372.86,Cash on Delivery,Delivered,Karan Singh
ORD-001074,2025-07-03,CUS-0202,Akash Nair,Small Business,India,Rajasthan,Jaipur,North,Corporate Sales,FURN-201,Furniture,Chairs,ErgoMesh Office Chair,6,13230.10,20,79380.60,15876.12,63504.48,8616.10,51696.60,11807.88,UPI,Delivered,Ritu Sharma
ORD-001235,2025-07-03,CUS-0036,Rohan Iyer,Enterprise,India,Odisha,Bhubaneswar,East,Corporate Sales,OFFC-303,Office Supplies,Organization,Desktop Organizer,9,1316.29,0,11846.61,0.00,11846.61,605.45,5449.05,6397.56,UPI,Delivered,Ira Nair
ORD-000631,2025-07-05,CUS-0308,Kabir Jain,Small Business,India,Telangana,Hyderabad,South,Online Store,SOFT-402,Software,Security,SecurePro Endpoint License,2,5298.20,0,10596.40,0.00,10596.40,1387.86,2775.72,7820.68,Credit Card,Delivered,Ira Nair
ORD-000232,2025-07-07,CUS-0043,Ishaan Shah,Consumer,India,Delhi,New Delhi,North,Online Store,SOFT-401,Software,Productivity,OfficeSuite Annual License,1,7591.83,15,7591.83,1138.77,6453.06,2211.93,2211.93,4241.13,UPI,Delivered,Neil Gupta
ORD-000655,2025-07-08,CUS-0292,Zoya Kapoor,Consumer,India,Punjab,Chandigarh,North,Corporate Sales,OFFC-301,Office Supplies,Paper,A4 Copy Paper Box,2,1919.60,20,3839.20,767.84,3071.36,1061.66,2123.32,948.04,Cash on Delivery,Shipped,Samar Joshi
ORD-000800,2025-07-09,CUS-0199,Zoya Desai,Consumer,India,Maharashtra,Pune,West,Retail Store,APPL-502,Appliances,Climate,PureAir Room Purifier,4,17274.09,5,69096.36,3454.82,65641.54,10271.03,41084.12,0.00,Cash on Delivery,Cancelled,Ritu Sharma
ORD-001231,2025-07-10,CUS-0112,Akash Singh,Consumer,India,Chhattisgarh,Raipur,Central,Marketplace,OFFC-304,Office Supplies,Notebooks,Executive Notebook Set,7,855.80,20,5990.60,1198.12,4792.48,396.45,2775.15,2017.33,Wallet,Delivered,Neil Gupta
ORD-001157,2025-07-11,CUS-0174,Aditi Patel,Enterprise,India,Punjab,Chandigarh,North,Corporate Sales,ELEC-104,Electronics,Accessories,65W USB-C Charger,14,2567.77,10,35948.78,3594.88,32353.90,1148.75,16082.50,16271.40,Credit Card,Delivered,Maya Shah
ORD-000334,2025-07-12,CUS-0216,Aditi Patel,Consumer,India,Rajasthan,Jaipur,North,Corporate Sales,ELEC-101,Electronics,Laptops,ApexBook 14 Laptop,3,70975.15,5,212925.45,10646.27,202279.18,52905.03,158715.09,43564.09,Debit Card,Delivered,Ritu Sharma
ORD-000591,2025-07-12,CUS-0260,Diya Singh,Small Business,India,Maharashtra,Pune,West,Marketplace,ELEC-104,Electronics,Accessories,65W USB-C Charger,2,2496.83,0,4993.66,0.00,4993.66,1144.72,2289.44,2704.22,Wallet,Delivered,Anjali Mehta
ORD-000577,2025-07-13,CUS-0246,Neha Kapoor,Enterprise,India,West Bengal,Kolkata,East,Online Store,ELEC-102,Electronics,Smartphones,Nova X5 Smartphone,12,37054.60,5,444655.20,22232.76,422422.44,24530.50,294366.00,128056.44,Debit Card,Delivered,Ira Nair
ORD-000881,2025-07-14,CUS-0039,Diya Mehta,Consumer,India,West Bengal,Kolkata,East,Online Store,OFFC-304,Office Supplies,Notebooks,Executive Notebook Set,3,927.20,15,2781.60,417.24,2364.36,388.70,1166.10,0.00,Debit Card,Cancelled,Maya Shah
ORD-001028,2025-07-15,CUS-0315,Neha Patel,Consumer,India,Odisha,Bhubaneswar,East,Retail Store,SOFT-402,Software,Security,SecurePro Endpoint License,5,4715.97,0,23579.85,0.00,23579.85,1379.52,6897.60,16682.25,UPI,Delivered,Dev Patel
ORD-001069,2025-07-16,CUS-0065,Vikram Kapoor,Consumer,India,Gujarat,Ahmedabad,West,Corporate Sales,ELEC-102,Electronics,Smartphones,Nova X5 Smartphone,5,33830.81,5,169154.05,8457.70,160696.35,25162.22,125811.10,34885.25,Cash on Delivery,Shipped,Karan Singh
ORD-001150,2025-07-17,CUS-0087,Riya Joshi,Small Business,India,Madhya Pradesh,Indore,Central,Corporate Sales,OFFC-303,Office Supplies,Organization,Desktop Organizer,7,1363.25,10,9542.75,954.28,8588.47,596.68,4176.76,0.00,Wallet,Cancelled,Anjali Mehta
ORD-000624,2025-07-18,CUS-0159,Vikram Jain,Consumer,India,Karnataka,Bengaluru,South,Corporate Sales,ELEC-104,Electronics,Accessories,65W USB-C Charger,3,2432.63,0,7297.89,0.00,7297.89,1146.79,3440.37,3857.52,UPI,Delivered,Samar Joshi
ORD-000955,2025-07-19,CUS-0300,Nikhil Singh,Consumer,India,Karnataka,Bengaluru,South,Marketplace,FURN-201,Furniture,Chairs,ErgoMesh Office Chair,6,13961.46,10,83768.76,8376.88,75391.88,8422.38,50534.28,24857.60,Cash on Delivery,Delivered,Neil Gupta
ORD-000068,2025-07-20,CUS-0144,Meera Nair,Consumer,India,Chhattisgarh,Raipur,Central,Online Store,FURN-203,Furniture,Storage,Steel Filing Cabinet,1,9656.16,15,9656.16,1448.42,8207.74,5843.08,5843.08,2364.66,UPI,Delivered,Samar Joshi
ORD-001219,2025-07-21,CUS-0291,Ishaan Nair,Consumer,India,Delhi,New Delhi,North,Marketplace,FURN-203,Furniture,Storage,Steel Filing Cabinet,5,9936.93,20,49684.65,9936.93,39747.72,5849.00,29245.00,10502.72,Wallet,Delivered,Ritu Sharma
ORD-000162,2025-07-22,CUS-0013,Riya Verma,Enterprise,India,Maharashtra,Pune,West,Corporate Sales,FURN-202,Furniture,Desks,Oak Standing Desk,4,30637.98,0,122551.92,0.00,122551.92,18962.99,75851.96,46699.96,Debit Card,Delivered,Maya Shah
ORD-000970,2025-07-22,CUS-0280,Aarav Verma,Consumer,India,Maharashtra,Mumbai,West,Online Store,FURN-203,Furniture,Storage,Steel Filing Cabinet,7,9725.15,10,68076.05,6807.61,61268.44,5809.10,40663.70,20604.74,Bank Transfer,Delivered,Ira Nair
ORD-001018,2025-07-22,CUS-0175,Arjun Joshi,Small Business,India,West Bengal,Kolkata,East,Corporate Sales,OFFC-303,Office Supplies,Organization,Desktop Organizer,3,1314.51,0,3943.53,0.00,3943.53,610.56,1831.68,2111.85,Cash on Delivery,Delivered,Ritu Sharma
ORD-000142,2025-07-25,CUS-0094,Arjun Singh,Small Business,India,West Bengal,Kolkata,East,Marketplace,OFFC-302,Office Supplies,Writing,Premium Pen Pack,6,515.31,10,3091.86,309.19,2782.67,203.85,1223.10,1559.57,Cash on Delivery,Delivered,Anjali Mehta
ORD-001169,2025-07-25,CUS-0195,Akash Rao,Consumer,India,Karnataka,Bengaluru,South,Corporate Sales,OFFC-301,Office Supplies,Paper,A4 Copy Paper Box,5,1984.30,10,9921.50,992.15,8929.35,1095.64,5478.20,3451.15,Cash on Delivery,Delivered,Ira Nair
ORD-000704,2025-07-26,CUS-0217,Meera Joshi,Consumer,India,Karnataka,Bengaluru,South,Marketplace,FURN-203,Furniture,Storage,Steel Filing Cabinet,1,8946.61,20,8946.61,1789.32,7157.29,5765.94,5765.94,0.00,UPI,Cancelled,Dev Patel
ORD-000152,2025-07-30,CUS-0096,Riya Agarwal,Consumer,India,Maharashtra,Pune,West,Retail Store,ELEC-104,Electronics,Accessories,65W USB-C Charger,3,2645.97,15,7937.91,1190.69,6747.22,1183.41,3550.23,3196.99,Debit Card,Delivered,Anjali Mehta
ORD-000510,2025-07-31,CUS-0272,Aditi Rao,Enterprise,India,Rajasthan,Jaipur,North,Corporate Sales,ELEC-101,Electronics,Laptops,ApexBook 14 Laptop,12,76690.58,5,920286.96,46014.35,874272.61,54613.23,655358.76,218913.85,Credit Card,Delivered,Neil Gupta
ORD-000952,2025-07-31,CUS-0238,Ishaan Shah,Small Business,India,Madhya Pradesh,Indore,Central,Corporate Sales,ELEC-105,Electronics,Monitors,Vision 27-inch Monitor,2,22787.54,15,45575.08,6836.26,38738.82,14970.60,29941.20,8797.62,UPI,Delivered,Neil Gupta
ORD-000337,2025-08-01,CUS-0118,Nikhil Kapoor,Consumer,India,Karnataka,Mysuru,South,Marketplace,ELEC-102,Electronics,Smartphones,Nova X5 Smartphone,3,35286.99,0,105860.97,0.00,105860.97,24210.20,72630.60,33230.37,Debit Card,Delivered,Dev Patel
ORD-000049,2025-08-02,CUS-0299,Arjun Patel,Consumer,India,West Bengal,Kolkata,East,Corporate Sales,OFFC-303,Office Supplies,Organization,Desktop Organizer,5,1327.06,10,6635.30,663.53,5971.77,617.50,3087.50,0.00,Debit Card,Cancelled,Ritu Sharma
ORD-000597,2025-08-02,CUS-0165,Akash Joshi,Enterprise,India,Uttar Pradesh,Noida,North,Corporate Sales,SOFT-403,Software,Design,DesignFlow Annual License,13,15278.76,0,198623.88,0.00,198623.88,4228.33,54968.29,143655.59,Bank Transfer,Delivered,Ira Nair
ORD-000823,2025-08-02,CUS-0114,Arjun Jain,Consumer,India,Odisha,Bhubaneswar,East,Online Store,APPL-501,Appliances,Kitchen,BrewMaster Coffee Machine,6,11645.93,0,69875.58,0.00,69875.58,7273.37,43640.22,26235.36,Cash on Delivery,Delivered,Dev Patel
ORD-000988,2025-08-02,CUS-0262,Aditi Desai,Small Business,India,Telangana,Hyderabad,South,Retail Store,APPL-501,Appliances,Kitchen,BrewMaster Coffee Machine,2,12234.62,0,24469.24,0.00,24469.24,7316.90,14633.80,9835.44,Wallet,Delivered,Ritu Sharma
ORD-000038,2025-08-04,CUS-0173,Priya Shah,Enterprise,India,Gujarat,Ahmedabad,West,Marketplace,FURN-204,Furniture,Tables,Metro Conference Table,10,41663.80,0,416638.00,0.00,416638.00,26715.55,267155.50,149482.50,Wallet,Delivered,Neil Gupta
ORD-000190,2025-08-04,CUS-0034,Rahul Iyer,Consumer,India,Tamil Nadu,Chennai,South,Retail Store,OFFC-302,Office Supplies,Writing,Premium Pen Pack,7,497.96,5,3485.72,174.29,3311.43,215.71,1509.97,1801.46,Cash on Delivery,Delivered,Neil Gupta
ORD-000323,2025-08-04,CUS-0259,Kabir Rao,Enterprise,India,Gujarat,Ahmedabad,West,Online Store,FURN-202,Furniture,Desks,Oak Standing Desk,17,30669.51,15,521381.67,78207.25,443174.42,18812.47,319811.99,123362.43,Credit Card,Delivered,Anjali Mehta
ORD-001031,2025-08-05,CUS-0057,Priya Jain,Consumer,India,Maharashtra,Pune,West,Marketplace,OFFC-303,Office Supplies,Organization,Desktop Organizer,2,1296.90,0,2593.80,0.00,2593.80,603.84,1207.68,1386.12,Wallet,Shipped,Karan Singh
ORD-000346,2025-08-07,CUS-0317,Saanvi Singh,Consumer,India,Chhattisgarh,Raipur,Central,Online Store,OFFC-302,Office Supplies,Writing,Premium Pen Pack,3,473.70,0,1421.10,0.00,1421.10,208.59,625.77,795.33,Debit Card,Delivered,Ira Nair
ORD-000216,2025-08-09,CUS-0137,Aditi Nair,Small Business,India,Karnataka,Mysuru,South,Corporate Sales,OFFC-303,Office Supplies,Organization,Desktop Organizer,5,1241.15,5,6205.75,310.29,5895.46,621.90,3109.50,2785.96,Credit Card,Delivered,Samar Joshi
ORD-000485,2025-08-09,CUS-0187,Priya Gupta,Consumer,India,Tamil Nadu,Chennai,South,Online Store,FURN-203,Furniture,Storage,Steel Filing Cabinet,1,10029.59,0,10029.59,0.00,10029.59,5593.73,5593.73,4435.86,Debit Card,Delivered,Ritu Sharma
ORD-001156,2025-08-09,CUS-0161,Aisha Agarwal,Small Business,India,Gujarat,Surat,West,Corporate Sales,FURN-204,Furniture,Tables,Metro Conference Table,7,42300.07,15,296100.49,44415.07,251685.42,27039.44,189276.08,62409.34,Credit Card,Delivered,Karan Singh
ORD-000310,2025-08-11,CUS-0216,Aditi Patel,Consumer,India,Chhattisgarh,Raipur,Central,Online Store,ELEC-104,Electronics,Accessories,65W USB-C Charger,6,2454.02,10,14724.12,1472.41,13251.71,1189.53,7137.18,6114.53,UPI,Delivered,Dev Patel
ORD-001220,2025-08-11,CUS-0113,Arjun Jain,Consumer,India,Telangana,Hyderabad,South,Marketplace,ELEC-102,Electronics,Smartphones,Nova X5 Smartphone,4,35270.19,10,141080.76,14108.08,126972.68,24082.87,96331.48,30641.20,Debit Card,Delivered,Ritu Sharma
ORD-000172,2025-08-13,CUS-0079,Aditi Shah,Enterprise,India,Chhattisgarh,Raipur,Central,Corporate Sales,OFFC-304,Office Supplies,Notebooks,Executive Notebook Set,14,916.53,10,12831.42,1283.14,11548.28,391.98,5487.72,6060.56,Credit Card,Delivered,Karan Singh
ORD-000728,2025-08-13,CUS-0021,Saanvi Desai,Consumer,India,Madhya Pradesh,Indore,Central,Corporate Sales,SOFT-402,Software,Security,SecurePro Endpoint License,3,5135.30,5,15405.90,770.30,14635.60,1397.21,4191.63,10443.97,Debit Card,Delivered,Karan Singh
ORD-000253,2025-08-17,CUS-0253,Kavya Rao,Small Business,India,Punjab,Chandigarh,North,Retail Store,ELEC-102,Electronics,Smartphones,Nova X5 Smartphone,5,35067.53,0,175337.65,0.00,175337.65,24142.60,120713.00,54624.65,Bank Transfer,Delivered,Karan Singh
ORD-000885,2025-08-17,CUS-0168,Saanvi Shah,Small Business,India,West Bengal,Kolkata,East,Retail Store,OFFC-302,Office Supplies,Writing,Premium Pen Pack,4,508.57,0,2034.28,0.00,2034.28,206.51,826.04,1208.24,UPI,Delivered,Maya Shah
ORD-000031,2025-08-18,CUS-0084,Riya Desai,Enterprise,India,Tamil Nadu,Chennai,South,Corporate Sales,OFFC-304,Office Supplies,Notebooks,Executive Notebook Set,19,894.18,0,16989.42,0.00,16989.42,395.82,7520.58,9468.84,Credit Card,Processing,Neil Gupta
ORD-000348,2025-08-18,CUS-0264,Neha Agarwal,Enterprise,India,Delhi,New Delhi,North,Corporate Sales,OFFC-301,Office Supplies,Paper,A4 Copy Paper Box,12,1785.33,0,21423.96,0.00,21423.96,1076.41,12916.92,8507.04,UPI,Delivered,Neil Gupta
ORD-000605,2025-08-18,CUS-0143,Aditi Singh,Consumer,India,Maharashtra,Pune,West,Retail Store,FURN-204,Furniture,Tables,Metro Conference Table,1,40198.52,5,40198.52,2009.93,38188.59,27269.22,27269.22,10919.37,Debit Card,Delivered,Karan Singh
ORD-000189,2025-08-19,CUS-0116,Priya Agarwal,Consumer,India,Madhya Pradesh,Indore,Central,Marketplace,ELEC-101,Electronics,Laptops,ApexBook 14 Laptop,2,71994.59,15,143989.18,21598.38,122390.80,54256.51,108513.02,13877.78,Credit Card,Delivered,Dev Patel
ORD-001176,2025-08-19,CUS-0122,Kavya Gupta,Small Business,India,Madhya Pradesh,Indore,Central,Online Store,FURN-202,Furniture,Desks,Oak Standing Desk,3,28941.96,10,86825.88,8682.59,78143.29,18731.39,56194.17,21949.12,Cash on Delivery,Delivered,Samar Joshi
ORD-000669,2025-08-21,CUS-0246,Neha Kapoor,Enterprise,India,Karnataka,Bengaluru,South,Online Store,FURN-204,Furniture,Tables,Metro Conference Table,12,42143.69,10,505724.28,50572.43,455151.85,26573.76,318885.12,136266.73,Credit Card,Delivered,Neil Gupta
ORD-000949,2025-08-21,CUS-0072,Meera Agarwal,Small Business,India,Maharashtra,Pune,West,Retail Store,SOFT-403,Software,Design,DesignFlow Annual License,4,14852.55,0,59410.20,0.00,59410.20,4152.47,16609.88,42800.32,Bank Transfer,Delivered,Ritu Sharma
ORD-001129,2025-08-21,CUS-0308,Kabir Jain,Small Business,India,Maharashtra,Pune,West,Corporate Sales,SOFT-402,Software,Security,SecurePro Endpoint License,6,4747.38,15,28484.28,4272.64,24211.64,1421.88,8531.28,15680.36,Cash on Delivery,Delivered,Maya Shah
ORD-001238,2025-08-21,CUS-0073,Kabir Iyer,Consumer,India,Punjab,Chandigarh,North,Corporate Sales,OFFC-304,Office Supplies,Notebooks,Executive Notebook Set,7,943.83,15,6606.81,991.02,5615.79,398.27,2787.89,2827.90,Wallet,Processing,Samar Joshi
ORD-000225,2025-08-22,CUS-0003,Saanvi Singh,Consumer,India,West Bengal,Kolkata,East,Online Store,SOFT-403,Software,Design,DesignFlow Annual License,5,15359.56,5,76797.80,3839.89,72957.91,4220.38,21101.90,51856.01,Bank Transfer,Delivered,Samar Joshi
ORD-000554,2025-08-25,CUS-0239,Aarav Rao,Consumer,India,Maharashtra,Pune,West,Corporate Sales,ELEC-102,Electronics,Smartphones,Nova X5 Smartphone,3,35312.76,0,105938.28,0.00,105938.28,24643.77,73931.31,32006.97,Wallet,Delivered,Neil Gupta
ORD-000388,2025-08-26,CUS-0213,Neha Singh,Small Business,India,Maharashtra,Pune,West,Online Store,ELEC-102,Electronics,Smartphones,Nova X5 Smartphone,6,34333.06,5,205998.36,10299.92,195698.44,25160.76,150964.56,44733.88,UPI,Delivered,Dev Patel
ORD-000140,2025-08-27,CUS-0146,Aisha Joshi,Enterprise,India,Uttar Pradesh,Noida,North,Corporate Sales,APPL-502,Appliances,Climate,PureAir Room Purifier,18,17058.03,0,307044.54,0.00,307044.54,10285.54,185139.72,121904.82,UPI,Delivered,Karan Singh
ORD-000763,2025-08-27,CUS-0014,Rahul Kapoor,Consumer,India,West Bengal,Kolkata,East,Marketplace,ELEC-102,Electronics,Smartphones,Nova X5 Smartphone,1,36751.70,0,36751.70,0.00,36751.70,24859.05,24859.05,11892.65,Cash on Delivery,Delivered,Ira Nair
ORD-000941,2025-08-27,CUS-0209,Aarav Verma,Small Business,India,Rajasthan,Jaipur,North,Retail Store,FURN-204,Furniture,Tables,Metro Conference Table,5,40822.52,5,204112.60,10205.63,193906.97,27460.26,137301.30,56605.67,Debit Card,Delivered,Ira Nair
ORD-000533,2025-08-28,CUS-0183,Saanvi Sharma,Small Business,India,Telangana,Hyderabad,South,Online Store,SOFT-403,Software,Design,DesignFlow Annual License,4,14392.62,5,57570.48,2878.52,54691.96,4214.11,16856.44,37835.52,UPI,Delivered,Maya Shah
ORD-000837,2025-08-28,CUS-0070,Akash Patel,Consumer,India,Gujarat,Ahmedabad,West,Corporate Sales,OFFC-303,Office Supplies,Organization,Desktop Organizer,3,1270.80,0,3812.40,0.00,3812.40,592.80,1778.40,2034.00,Wallet,Delivered,Anjali Mehta
ORD-000148,2025-08-29,CUS-0247,Aarav Sharma,Consumer,India,Punjab,Chandigarh,North,Retail Store,SOFT-402,Software,Security,SecurePro Endpoint License,2,4702.85,10,9405.70,940.57,8465.13,1358.92,2717.84,5747.29,Debit Card,Shipped,Samar Joshi
ORD-000820,2025-08-29,CUS-0059,Zoya Nair,Consumer,India,Delhi,New Delhi,North,Marketplace,ELEC-102,Electronics,Smartphones,Nova X5 Smartphone,3,35756.38,10,107269.14,10726.91,96542.23,24778.66,74335.98,22206.25,UPI,Delivered,Ira Nair
ORD-000278,2025-08-30,CUS-0159,Vikram Jain,Consumer,India,Tamil Nadu,Chennai,South,Online Store,OFFC-301,Office Supplies,Paper,A4 Copy Paper Box,5,1984.86,10,9924.30,992.43,8931.87,1101.91,5509.55,3422.32,Bank Transfer,Returned,Neil Gupta
ORD-000740,2025-08-30,CUS-0136,Nikhil Patel,Consumer,India,Rajasthan,Jaipur,North,Marketplace,ELEC-101,Electronics,Laptops,ApexBook 14 Laptop,3,76399.72,20,229199.16,45839.83,183359.33,54448.52,163345.56,20013.77,Credit Card,Delivered,Samar Joshi
ORD-000663,2025-09-02,CUS-0267,Neha Kapoor,Consumer,India,Telangana,Hyderabad,South,Retail Store,ELEC-105,Electronics,Monitors,Vision 27-inch Monitor,4,21261.65,15,85046.60,12756.99,72289.61,15513.32,62053.28,0.00,UPI,Cancelled,Samar Joshi
ORD-000805,2025-09-02,CUS-0099,Saanvi Patel,Consumer,India,Gujarat,Surat,West,Retail Store,SOFT-401,Software,Productivity,OfficeSuite Annual License,1,8233.95,5,8233.95,411.70,7822.25,2217.70,2217.70,5604.55,Credit Card,Delivered,Ritu Sharma
ORD-001196,2025-09-02,CUS-0277,Rahul Patel,Consumer,India,Delhi,New Delhi,North,Retail Store,FURN-201,Furniture,Chairs,ErgoMesh Office Chair,1,14808.40,20,14808.40,2961.68,11846.72,8209.20,8209.20,3637.52,Cash on Delivery,Delivered,Samar Joshi
ORD-000579,2025-09-04,CUS-0146,Aisha Joshi,Enterprise,India,West Bengal,Kolkata,East,Corporate Sales,OFFC-302,Office Supplies,Writing,Premium Pen Pack,16,505.84,5,8093.44,404.67,7688.77,213.71,3419.36,4269.41,UPI,Delivered,Karan Singh
ORD-000709,2025-09-04,CUS-0079,Aditi Shah,Enterprise,India,Gujarat,Ahmedabad,West,Retail Store,ELEC-101,Electronics,Laptops,ApexBook 14 Laptop,15,77026.65,10,1155399.75,115539.98,1039859.77,53822.19,807332.85,232526.92,Debit Card,Delivered,Samar Joshi
ORD-001010,2025-09-04,CUS-0074,Nikhil Rao,Consumer,India,Gujarat,Ahmedabad,West,Retail Store,APPL-501,Appliances,Kitchen,BrewMaster Coffee Machine,6,12411.49,10,74468.94,7446.89,67022.05,7243.82,43462.92,23559.13,Cash on Delivery,Processing,Karan Singh
ORD-000819,2025-09-05,CUS-0058,Rohan Mehta,Small Business,India,Madhya Pradesh,Indore,Central,Corporate Sales,ELEC-102,Electronics,Smartphones,Nova X5 Smartphone,6,34806.61,0,208839.66,0.00,208839.66,24434.76,146608.56,62231.10,Wallet,Delivered,Ritu Sharma
ORD-000960,2025-09-05,CUS-0100,Zoya Verma,Consumer,India,Gujarat,Ahmedabad,West,Marketplace,FURN-202,Furniture,Desks,Oak Standing Desk,6,30528.32,15,183169.92,27475.49,155694.43,18710.71,112264.26,43430.17,Cash on Delivery,Processing,Karan Singh
ORD-000730,2025-09-06,CUS-0067,Ananya Mehta,Consumer,India,Delhi,New Delhi,North,Online Store,FURN-202,Furniture,Desks,Oak Standing Desk,6,29852.55,15,179115.30,26867.30,152248.00,18737.59,112425.54,39822.46,UPI,Delivered,Dev Patel
ORD-000372,2025-09-07,CUS-0133,Rahul Gupta,Enterprise,India,Punjab,Chandigarh,North,Corporate Sales,ELEC-102,Electronics,Smartphones,Nova X5 Smartphone,9,35492.88,20,319435.92,63887.18,255548.74,24129.61,217166.49,38382.25,Credit Card,Delivered,Anjali Mehta
ORD-001115,2025-09-07,CUS-0256,Arjun Sharma,Small Business,India,Telangana,Hyderabad,South,Online Store,FURN-204,Furniture,Tables,Metro Conference Table,7,39209.34,0,274465.38,0.00,274465.38,26943.76,188606.32,85859.06,Cash on Delivery,Delivered,Dev Patel
ORD-000108,2025-09-08,CUS-0165,Akash Joshi,Enterprise,India,Karnataka,Mysuru,South,Corporate Sales,FURN-201,Furniture,Chairs,ErgoMesh Office Chair,12,14136.62,0,169639.44,0.00,169639.44,8253.11,99037.32,70602.12,Debit Card,Delivered,Karan Singh
ORD-000182,2025-09-08,CUS-0104,Riya Verma,Consumer,India,Gujarat,Ahmedabad,West,Online Store,OFFC-304,Office Supplies,Notebooks,Executive Notebook Set,3,880.20,15,2640.60,396.09,2244.51,389.49,1168.47,1076.04,Bank Transfer,Delivered,Ira Nair
ORD-000040,2025-09-09,CUS-0320,Riya Joshi,Small Business,India,Madhya Pradesh,Indore,Central,Retail Store,ELEC-103,Electronics,Audio,Pulse Wireless Headphones,6,6137.98,15,36827.88,5524.18,31303.70,3322.00,19932.00,11371.70,UPI,Delivered,Maya Shah
ORD-000516,2025-09-09,CUS-0275,Akash Rao,Consumer,India,Punjab,Chandigarh,North,Retail Store,APPL-502,Appliances,Climate,PureAir Room Purifier,1,17293.28,10,17293.28,1729.33,15563.95,10320.64,10320.64,5243.31,Wallet,Shipped,Anjali Mehta
ORD-000900,2025-09-09,CUS-0124,Rohan Sharma,Consumer,India,Karnataka,Mysuru,South,Retail Store,FURN-204,Furniture,Tables,Metro Conference Table,7,39480.68,25,276364.76,69091.19,207273.57,27332.72,191329.04,15944.53,UPI,Processing,Maya Shah
ORD-000596,2025-09-12,CUS-0194,Diya Gupta,Consumer,India,Gujarat,Surat,West,Corporate Sales,ELEC-104,Electronics,Accessories,65W USB-C Charger,3,2455.21,5,7365.63,368.28,6997.35,1169.13,3507.39,3489.96,Debit Card,Delivered,Ritu Sharma
ORD-001103,2025-09-12,CUS-0236,Akash Jain,Enterprise,India,Punjab,Chandigarh,North,Corporate Sales,FURN-204,Furniture,Tables,Metro Conference Table,8,38314.04,5,306512.32,15325.62,291186.70,26665.54,213324.32,77862.38,Cash on Delivery,Delivered,Karan Singh
ORD-000350,2025-09-13,CUS-0190,Aditi Kapoor,Consumer,India,Karnataka,Mysuru,South,Marketplace,ELEC-101,Electronics,Laptops,ApexBook 14 Laptop,7,69684.85,10,487793.95,48779.40,439014.55,55050.87,385356.09,53658.46,Debit Card,Returned,Dev Patel
ORD-001050,2025-09-13,CUS-0058,Rohan Mehta,Small Business,India,Delhi,New Delhi,North,Online Store,SOFT-402,Software,Security,SecurePro Endpoint License,7,4789.12,10,33523.84,3352.38,30171.46,1439.38,10075.66,20095.80,UPI,Delivered,Ritu Sharma
ORD-000234,2025-09-14,CUS-0039,Diya Mehta,Consumer,India,Chhattisgarh,Raipur,Central,Retail Store,FURN-203,Furniture,Storage,Steel Filing Cabinet,5,9055.74,20,45278.70,9055.74,36222.96,5780.71,28903.55,7319.41,Cash on Delivery,Delivered,Dev Patel
ORD-001222,2025-09-14,CUS-0216,Aditi Patel,Consumer,India,Rajasthan,Jaipur,North,Retail Store,ELEC-104,Electronics,Accessories,65W USB-C Charger,7,2459.59,10,17217.13,1721.71,15495.42,1195.42,8367.94,7127.48,UPI,Delivered,Anjali Mehta
ORD-000864,2025-09-15,CUS-0268,Kavya Kapoor,Small Business,India,Tamil Nadu,Chennai,South,Corporate Sales,ELEC-102,Electronics,Smartphones,Nova X5 Smartphone,4,33898.16,10,135592.64,13559.26,122033.38,24255.73,97022.92,25010.46,Debit Card,Delivered,Samar Joshi
ORD-001087,2025-09-15,CUS-0008,Meera Jain,Enterprise,India,Gujarat,Surat,West,Marketplace,ELEC-105,Electronics,Monitors,Vision 27-inch Monitor,15,22830.14,20,342452.10,68490.42,273961.68,15093.45,226401.75,47559.93,Credit Card,Delivered,Maya Shah
ORD-000546,2025-09-16,CUS-0033,Diya Sharma,Small Business,India,Tamil Nadu,Chennai,South,Corporate Sales,ELEC-102,Electronics,Smartphones,Nova X5 Smartphone,6,33908.54,5,203451.24,10172.56,193278.68,25192.51,151155.06,42123.62,Debit Card,Delivered,Karan Singh
ORD-000064,2025-09-17,CUS-0047,Arjun Verma,Small Business,India,Delhi,New Delhi,North,Retail Store,ELEC-104,Electronics,Accessories,65W USB-C Charger,6,2536.23,0,15217.38,0.00,15217.38,1194.12,7164.72,0.00,Cash on Delivery,Cancelled,Samar Joshi
ORD-000332,2025-09-17,CUS-0222,Priya Verma,Consumer,India,Karnataka,Mysuru,South,Online Store,FURN-203,Furniture,Storage,Steel Filing Cabinet,7,9824.12,5,68768.84,3438.44,65330.40,5794.13,40558.91,24771.49,Cash on Delivery,Delivered,Samar Joshi
ORD-001117,2025-09-17,CUS-0073,Kabir Iyer,Consumer,India,Rajasthan,Jaipur,North,Online Store,OFFC-301,Office Supplies,Paper,A4 Copy Paper Box,1,1999.66,20,1999.66,399.93,1599.73,1067.14,1067.14,532.59,Cash on Delivery,Delivered,Ira Nair
ORD-001174,2025-09-17,CUS-0152,Arjun Iyer,Consumer,India,West Bengal,Kolkata,East,Marketplace,FURN-204,Furniture,Tables,Metro Conference Table,6,39891.87,0,239351.22,0.00,239351.22,27699.39,166196.34,73154.88,Cash on Delivery,Returned,Neil Gupta
ORD-000505,2025-09-18,CUS-0177,Aditi Agarwal,Consumer,India,Chhattisgarh,Raipur,Central,Corporate Sales,APPL-501,Appliances,Kitchen,BrewMaster Coffee Machine,5,12609.77,5,63048.85,3152.44,59896.41,7334.58,36672.90,23223.51,UPI,Delivered,Neil Gupta
ORD-001066,2025-09-18,CUS-0063,Zoya Agarwal,Enterprise,India,Tamil Nadu,Chennai,South,Corporate Sales,FURN-203,Furniture,Storage,Steel Filing Cabinet,17,9314.25,5,158342.25,7917.11,150425.14,5713.05,97121.85,53303.29,Wallet,Delivered,Ira Nair
ORD-000814,2025-09-20,CUS-0257,Diya Rao,Small Business,India,Telangana,Hyderabad,South,Corporate Sales,ELEC-104,Electronics,Accessories,65W USB-C Charger,5,2367.41,0,11837.05,0.00,11837.05,1194.50,5972.50,0.00,Bank Transfer,Cancelled,Samar Joshi
ORD-000720,2025-09-21,CUS-0202,Akash Nair,Small Business,India,West Bengal,Kolkata,East,Online Store,FURN-203,Furniture,Storage,Steel Filing Cabinet,1,9929.03,0,9929.03,0.00,9929.03,5791.95,5791.95,4137.08,Bank Transfer,Delivered,Ritu Sharma
ORD-000647,2025-09-22,CUS-0147,Diya Shah,Consumer,India,Maharashtra,Pune,West,Retail Store,ELEC-102,Electronics,Smartphones,Nova X5 Smartphone,3,36412.63,0,109237.89,0.00,109237.89,24759.41,74278.23,34959.66,Wallet,Delivered,Ira Nair
ORD-000586,2025-09-24,CUS-0012,Kabir Singh,Enterprise,India,Telangana,Hyderabad,South,Corporate Sales,OFFC-303,Office Supplies,Organization,Desktop Organizer,19,1260.31,15,23945.89,3591.88,20354.01,618.59,11753.21,8600.80,Bank Transfer,Delivered,Maya Shah
ORD-000685,2025-09-24,CUS-0057,Priya Jain,Consumer,India,Telangana,Hyderabad,South,Retail Store,ELEC-104,Electronics,Accessories,65W USB-C Charger,7,2424.62,20,16972.34,3394.47,13577.87,1140.00,7980.00,5597.87,Wallet,Delivered,Dev Patel
ORD-001112,2025-09-24,CUS-0212,Kabir Verma,Consumer,India,Madhya Pradesh,Indore,Central,Corporate Sales,FURN-202,Furniture,Desks,Oak Standing Desk,2,27830.96,0,55661.92,0.00,55661.92,18741.36,37482.72,18179.20,Cash on Delivery,Delivered,Ritu Sharma
ORD-000088,2025-09-26,CUS-0106,Riya Desai,Consumer,India,Karnataka,Mysuru,South,Online Store,OFFC-302,Office Supplies,Writing,Premium Pen Pack,3,487.22,10,1461.66,146.17,1315.49,210.00,630.00,685.49,UPI,Delivered,Ritu Sharma
ORD-000920,2025-09-26,CUS-0294,Rahul Verma,Consumer,India,Punjab,Chandigarh,North,Retail Store,ELEC-101,Electronics,Laptops,ApexBook 14 Laptop,3,69938.12,0,209814.36,0.00,209814.36,54120.30,162360.90,47453.46,Credit Card,Shipped,Ritu Sharma
ORD-001075,2025-09-26,CUS-0124,Rohan Sharma,Consumer,India,Punjab,Chandigarh,North,Online Store,FURN-202,Furniture,Desks,Oak Standing Desk,3,30664.08,15,91992.24,13798.84,78193.40,18733.84,56201.52,0.00,Debit Card,Cancelled,Karan Singh
ORD-000772,2025-09-27,CUS-0154,Neha Singh,Consumer,India,Madhya Pradesh,Indore,Central,Online Store,OFFC-303,Office Supplies,Organization,Desktop Organizer,6,1326.94,20,7961.64,1592.33,6369.31,603.62,3621.72,2747.59,Wallet,Shipped,Karan Singh
ORD-000534,2025-09-29,CUS-0102,Meera Sharma,Consumer,India,Chhattisgarh,Raipur,Central,Corporate Sales,ELEC-102,Electronics,Smartphones,Nova X5 Smartphone,7,33847.31,0,236931.17,0.00,236931.17,24981.89,174873.23,62057.94,Credit Card,Delivered,Ira Nair
ORD-000743,2025-09-29,CUS-0239,Aarav Rao,Consumer,India,Maharashtra,Mumbai,West,Marketplace,ELEC-105,Electronics,Monitors,Vision 27-inch Monitor,5,22678.08,0,113390.40,0.00,113390.40,15231.42,76157.10,37233.30,Debit Card,Shipped,Karan Singh
ORD-000206,2025-09-30,CUS-0167,Priya Desai,Small Business,India,Uttar Pradesh,Noida,North,Retail Store,FURN-202,Furniture,Desks,Oak Standing Desk,2,28496.70,10,56993.40,5699.34,51294.06,18481.98,36963.96,14330.10,Debit Card,Returned,Neil Gupta
ORD-000382,2025-09-30,CUS-0201,Ananya Agarwal,Consumer,India,Punjab,Chandigarh,North,Retail Store,OFFC-301,Office Supplies,Paper,A4 Copy Paper Box,4,1998.89,5,7995.56,399.78,7595.78,1090.85,4363.40,3232.38,Cash on Delivery,Delivered,Maya Shah
ORD-000391,2025-10-01,CUS-0290,Rohan Sharma,Small Business,India,Karnataka,Bengaluru,South,Online Store,SOFT-401,Software,Productivity,OfficeSuite Annual License,6,7781.07,0,46686.42,0.00,46686.42,2249.91,13499.46,33186.96,Wallet,Delivered,Maya Shah
ORD-000291,2025-10-02,CUS-0295,Arjun Rao,Consumer,India,Gujarat,Surat,West,Marketplace,ELEC-102,Electronics,Smartphones,Nova X5 Smartphone,2,34791.59,10,69583.18,6958.32,62624.86,24807.61,49615.22,13009.64,Debit Card,Delivered,Anjali Mehta
ORD-000041,2025-10-03,CUS-0234,Kavya Rao,Consumer,India,Punjab,Chandigarh,North,Online Store,FURN-203,Furniture,Storage,Steel Filing Cabinet,3,9466.56,10,28399.68,2839.97,25559.71,5863.16,17589.48,7970.23,Cash on Delivery,Delivered,Anjali Mehta
ORD-000349,2025-10-03,CUS-0183,Saanvi Sharma,Small Business,India,Maharashtra,Pune,West,Online Store,ELEC-103,Electronics,Audio,Pulse Wireless Headphones,7,5644.83,0,39513.81,0.00,39513.81,3273.89,22917.23,16596.58,Cash on Delivery,Delivered,Samar Joshi
ORD-000417,2025-10-03,CUS-0105,Saanvi Jain,Consumer,India,Odisha,Bhubaneswar,East,Retail Store,OFFC-302,Office Supplies,Writing,Premium Pen Pack,7,510.08,20,3570.56,714.11,2856.45,205.04,1435.28,1421.17,UPI,Delivered,Dev Patel
ORD-000333,2025-10-04,CUS-0279,Meera Nair,Enterprise,India,Chhattisgarh,Raipur,Central,Corporate Sales,APPL-501,Appliances,Kitchen,BrewMaster Coffee Machine,18,12101.55,15,217827.90,32674.19,185153.71,7213.84,129849.12,55304.59,Credit Card,Processing,Maya Shah
ORD-000957,2025-10-04,CUS-0268,Kavya Kapoor,Small Business,India,West Bengal,Kolkata,East,Retail Store,SOFT-402,Software,Security,SecurePro Endpoint License,6,4960.01,15,29760.06,4464.01,25296.05,1384.44,8306.64,0.00,Debit Card,Cancelled,Ira Nair
ORD-000991,2025-10-04,CUS-0043,Ishaan Shah,Consumer,India,Chhattisgarh,Raipur,Central,Online Store,APPL-502,Appliances,Climate,PureAir Room Purifier,6,17278.46,5,103670.76,5183.54,98487.22,10156.97,60941.82,0.00,Cash on Delivery,Cancelled,Neil Gupta
ORD-000163,2025-10-05,CUS-0123,Riya Joshi,Enterprise,India,West Bengal,Kolkata,East,Corporate Sales,OFFC-303,Office Supplies,Organization,Desktop Organizer,5,1255.74,10,6278.70,627.87,5650.83,618.90,3094.50,2556.33,Credit Card,Delivered,Maya Shah
ORD-000478,2025-10-06,CUS-0036,Rohan Iyer,Enterprise,India,Gujarat,Ahmedabad,West,Corporate Sales,SOFT-402,Software,Security,SecurePro Endpoint License,18,5280.86,10,95055.48,9505.55,85549.93,1401.55,25227.90,60322.03,UPI,Delivered,Dev Patel
ORD-000986,2025-10-06,CUS-0300,Nikhil Singh,Consumer,India,Punjab,Chandigarh,North,Retail Store,SOFT-403,Software,Design,DesignFlow Annual License,4,15353.35,0,61413.40,0.00,61413.40,4177.56,16710.24,44703.16,UPI,Delivered,Anjali Mehta
ORD-001121,2025-10-06,CUS-0011,Ishaan Joshi,Consumer,India,Madhya Pradesh,Indore,Central,Online Store,OFFC-301,Office Supplies,Paper,A4 Copy Paper Box,7,1917.63,20,13423.41,2684.68,10738.73,1068.91,7482.37,3256.36,Bank Transfer,Delivered,Neil Gupta
ORD-000270,2025-10-07,CUS-0069,Arjun Verma,Consumer,India,Delhi,New Delhi,North,Online Store,SOFT-402,Software,Security,SecurePro Endpoint License,1,5043.68,0,5043.68,0.00,5043.68,1417.90,1417.90,3625.78,UPI,Returned,Anjali Mehta
ORD-000499,2025-10-07,CUS-0236,Akash Jain,Enterprise,India,Delhi,New Delhi,North,Retail Store,ELEC-103,Electronics,Audio,Pulse Wireless Headphones,20,5728.45,0,114569.00,0.00,114569.00,3234.52,64690.40,49878.60,Bank Transfer,Delivered,Karan Singh
ORD-000179,2025-10-08,CUS-0016,Neha Patel,Small Business,India,West Bengal,Kolkata,East,Retail Store,ELEC-103,Electronics,Audio,Pulse Wireless Headphones,2,6283.02,10,12566.04,1256.60,11309.44,3383.06,6766.12,4543.32,Cash on Delivery,Delivered,Samar Joshi
ORD-000412,2025-10-08,CUS-0180,Akash Sharma,Consumer,India,Uttar Pradesh,Noida,North,Online Store,SOFT-403,Software,Design,DesignFlow Annual License,7,14218.94,0,99532.58,0.00,99532.58,4318.12,30226.84,69305.74,Credit Card,Delivered,Anjali Mehta
ORD-000235,2025-10-09,CUS-0298,Kabir Jain,Consumer,India,Odisha,Bhubaneswar,East,Retail Store,ELEC-101,Electronics,Laptops,ApexBook 14 Laptop,2,70577.76,20,141155.52,28231.10,112924.42,54246.52,108493.04,0.00,UPI,Cancelled,Anjali Mehta
ORD-000520,2025-10-10,CUS-0302,Zoya Sharma,Enterprise,India,Chhattisgarh,Raipur,Central,Corporate Sales,APPL-501,Appliances,Kitchen,BrewMaster Coffee Machine,14,11325.95,20,158563.30,31712.66,126850.64,7351.41,102919.74,23930.90,UPI,Delivered,Neil Gupta
ORD-000796,2025-10-10,CUS-0252,Diya Jain,Consumer,India,Tamil Nadu,Chennai,South,Online Store,ELEC-104,Electronics,Accessories,65W USB-C Charger,1,2363.41,15,2363.41,354.51,2008.90,1148.78,1148.78,860.12,Debit Card,Shipped,Maya Shah
ORD-001162,2025-10-10,CUS-0042,Aisha Iyer,Small Business,India,Punjab,Chandigarh,North,Marketplace,ELEC-104,Electronics,Accessories,65W USB-C Charger,6,2562.58,15,15375.48,2306.32,13069.16,1160.59,6963.54,6105.62,UPI,Delivered,Samar Joshi
ORD-000832,2025-10-11,CUS-0312,Ananya Singh,Enterprise,India,Maharashtra,Pune,West,Online Store,SOFT-402,Software,Security,SecurePro Endpoint License,20,5169.65,15,103393.00,15508.95,87884.05,1369.99,27399.80,60484.25,Credit Card,Delivered,Maya Shah
ORD-000922,2025-10-11,CUS-0205,Nikhil Sharma,Small Business,India,Telangana,Hyderabad,South,Online Store,APPL-501,Appliances,Kitchen,BrewMaster Coffee Machine,2,12407.60,0,24815.20,0.00,24815.20,7316.26,14632.52,10182.68,Credit Card,Delivered,Dev Patel
ORD-000290,2025-10-12,CUS-0066,Meera Verma,Small Business,India,Telangana,Hyderabad,South,Marketplace,FURN-201,Furniture,Chairs,ErgoMesh Office Chair,1,13705.79,10,13705.79,1370.58,12335.21,8426.50,8426.50,3908.71,Cash on Delivery,Delivered,Anjali Mehta
ORD-000483,2025-10-13,CUS-0302,Zoya Sharma,Enterprise,India,Madhya Pradesh,Indore,Central,Corporate Sales,ELEC-102,Electronics,Smartphones,Nova X5 Smartphone,15,34557.70,10,518365.50,51836.55,466528.95,24940.37,374105.55,92423.40,Wallet,Delivered,Neil Gupta
ORD-001091,2025-10-13,CUS-0032,Priya Jain,Consumer,India,Tamil Nadu,Chennai,South,Online Store,OFFC-304,Office Supplies,Notebooks,Executive Notebook Set,1,847.64,5,847.64,42.38,805.26,391.67,391.67,413.59,UPI,Delivered,Anjali Mehta
ORD-000026,2025-10-14,CUS-0018,Rohan Nair,Consumer,India,Madhya Pradesh,Indore,Central,Marketplace,SOFT-403,Software,Design,DesignFlow Annual License,7,15459.37,5,108215.59,5410.78,102804.81,4223.57,29564.99,73239.82,Wallet,Delivered,Anjali Mehta
ORD-001208,2025-10-14,CUS-0146,Aisha Joshi,Enterprise,India,Delhi,New Delhi,North,Corporate Sales,ELEC-103,Electronics,Audio,Pulse Wireless Headphones,7,5889.26,5,41224.82,2061.24,39163.58,3322.30,23256.10,15907.48,UPI,Delivered,Dev Patel
ORD-001211,2025-10-14,CUS-0090,Riya Desai,Small Business,India,Karnataka,Mysuru,South,Corporate Sales,SOFT-402,Software,Security,SecurePro Endpoint License,7,4786.41,5,33504.87,1675.24,31829.63,1401.26,9808.82,22020.81,Wallet,Delivered,Maya Shah
ORD-000397,2025-10-15,CUS-0278,Ishaan Gupta,Small Business,India,Tamil Nadu,Chennai,South,Corporate Sales,FURN-201,Furniture,Chairs,ErgoMesh Office Chair,6,14114.94,15,84689.64,12703.45,71986.19,8283.49,49700.94,0.00,Wallet,Cancelled,Anjali Mehta
ORD-000474,2025-10-15,CUS-0306,Saanvi Sharma,Consumer,India,Punjab,Chandigarh,North,Corporate Sales,OFFC-301,Office Supplies,Paper,A4 Copy Paper Box,3,1844.80,20,5534.40,1106.88,4427.52,1048.35,3145.05,1282.47,Bank Transfer,Delivered,Ritu Sharma
ORD-000330,2025-10-16,CUS-0307,Diya Jain,Consumer,India,Gujarat,Surat,West,Marketplace,ELEC-105,Electronics,Monitors,Vision 27-inch Monitor,1,21772.06,5,21772.06,1088.60,20683.46,14805.95,14805.95,5877.51,Wallet,Delivered,Ritu Sharma
ORD-000658,2025-10-16,CUS-0178,Diya Kapoor,Small Business,India,Karnataka,Bengaluru,South,Marketplace,FURN-202,Furniture,Desks,Oak Standing Desk,2,28502.09,15,57004.18,8550.63,48453.55,19116.99,38233.98,10219.57,Wallet,Delivered,Karan Singh
ORD-000702,2025-10-16,CUS-0155,Kabir Shah,Enterprise,India,Tamil Nadu,Chennai,South,Corporate Sales,ELEC-104,Electronics,Accessories,65W USB-C Charger,16,2488.03,0,39808.48,0.00,39808.48,1208.69,19339.04,20469.44,Credit Card,Delivered,Dev Patel
ORD-000300,2025-10-17,CUS-0215,Priya Gupta,Consumer,India,Gujarat,Ahmedabad,West,Retail Store,SOFT-401,Software,Productivity,OfficeSuite Annual License,7,7850.66,5,54954.62,2747.73,52206.89,2247.38,15731.66,0.00,Wallet,Cancelled,Ritu Sharma
ORD-000456,2025-10-17,CUS-0267,Neha Kapoor,Consumer,India,Karnataka,Bengaluru,South,Corporate Sales,FURN-203,Furniture,Storage,Steel Filing Cabinet,5,9131.99,5,45659.95,2283.00,43376.95,5625.55,28127.75,15249.20,UPI,Delivered,Anjali Mehta
ORD-000422,2025-10-20,CUS-0208,Aarav Desai,Consumer,India,Telangana,Hyderabad,South,Online Store,APPL-501,Appliances,Kitchen,BrewMaster Coffee Machine,7,12612.61,0,88288.27,0.00,88288.27,7177.72,50244.04,38044.23,Bank Transfer,Returned,Neil Gupta
ORD-000737,2025-10-20,CUS-0215,Priya Gupta,Consumer,India,Telangana,Hyderabad,South,Retail Store,OFFC-304,Office Supplies,Notebooks,Executive Notebook Set,6,892.85,10,5357.10,535.71,4821.39,385.92,2315.52,2505.87,Cash on Delivery,Delivered,Ira Nair
ORD-000094,2025-10-21,CUS-0055,Priya Gupta,Small Business,India,Uttar Pradesh,Noida,North,Online Store,APPL-502,Appliances,Climate,PureAir Room Purifier,2,16844.74,5,33689.48,1684.47,32005.01,10269.13,20538.26,0.00,Credit Card,Cancelled,Ira Nair
ORD-000706,2025-10-21,CUS-0049,Priya Kapoor,Consumer,India,Maharashtra,Mumbai,West,Marketplace,ELEC-105,Electronics,Monitors,Vision 27-inch Monitor,6,22300.57,0,133803.42,0.00,133803.42,15411.23,92467.38,41336.04,Bank Transfer,Delivered,Maya Shah
ORD-001054,2025-10-21,CUS-0129,Ananya Rao,Small Business,India,Delhi,New Delhi,North,Marketplace,APPL-501,Appliances,Kitchen,BrewMaster Coffee Machine,2,11881.80,10,23763.60,2376.36,21387.24,7392.86,14785.72,6601.52,Cash on Delivery,Delivered,Maya Shah
ORD-000443,2025-10-23,CUS-0036,Rohan Iyer,Enterprise,India,Uttar Pradesh,Noida,North,Corporate Sales,ELEC-102,Electronics,Smartphones,Nova X5 Smartphone,13,33241.26,0,432136.38,0.00,432136.38,24616.31,320012.03,0.00,UPI,Cancelled,Ira Nair
ORD-001159,2025-10-24,CUS-0222,Priya Verma,Consumer,India,West Bengal,Kolkata,East,Online Store,SOFT-401,Software,Productivity,OfficeSuite Annual License,4,8334.62,0,33338.48,0.00,33338.48,2216.04,8864.16,24474.32,Credit Card,Delivered,Samar Joshi
ORD-000020,2025-10-25,CUS-0202,Akash Nair,Small Business,India,Karnataka,Bengaluru,South,Online Store,OFFC-304,Office Supplies,Notebooks,Executive Notebook Set,6,926.47,0,5558.82,0.00,5558.82,383.08,2298.48,3260.34,Debit Card,Delivered,Ira Nair
ORD-000221,2025-10-25,CUS-0233,Akash Sharma,Consumer,India,West Bengal,Kolkata,East,Online Store,APPL-502,Appliances,Climate,PureAir Room Purifier,1,16913.97,0,16913.97,0.00,16913.97,10205.55,10205.55,6708.42,Debit Card,Delivered,Maya Shah
ORD-000998,2025-10-25,CUS-0111,Nikhil Singh,Consumer,India,Gujarat,Ahmedabad,West,Retail Store,FURN-202,Furniture,Desks,Oak Standing Desk,6,28854.19,10,173125.14,17312.51,155812.63,19095.95,114575.70,41236.93,UPI,Delivered,Dev Patel
ORD-001116,2025-10-25,CUS-0188,Meera Gupta,Small Business,India,West Bengal,Kolkata,East,Online Store,ELEC-102,Electronics,Smartphones,Nova X5 Smartphone,6,36897.04,5,221382.24,11069.11,210313.13,24481.55,146889.30,63423.83,Bank Transfer,Delivered,Ira Nair
ORD-000956,2025-10-27,CUS-0105,Saanvi Jain,Consumer,India,West Bengal,Kolkata,East,Online Store,FURN-201,Furniture,Chairs,ErgoMesh Office Chair,4,13268.30,10,53073.20,5307.32,47765.88,8300.68,33202.72,14563.16,Debit Card,Delivered,Ira Nair
ORD-000635,2025-10-28,CUS-0213,Neha Singh,Small Business,India,Madhya Pradesh,Indore,Central,Corporate Sales,OFFC-303,Office Supplies,Organization,Desktop Organizer,5,1286.69,15,6433.45,965.02,5468.43,618.17,3090.85,2377.58,Cash on Delivery,Delivered,Karan Singh
ORD-000760,2025-10-28,CUS-0178,Diya Kapoor,Small Business,India,Tamil Nadu,Chennai,South,Online Store,ELEC-103,Electronics,Audio,Pulse Wireless Headphones,4,6090.87,0,24363.48,0.00,24363.48,3290.12,13160.48,11203.00,Bank Transfer,Delivered,Dev Patel
ORD-000084,2025-10-29,CUS-0240,Saanvi Gupta,Consumer,India,Odisha,Bhubaneswar,East,Online Store,ELEC-103,Electronics,Audio,Pulse Wireless Headphones,2,6271.24,20,12542.48,2508.50,10033.98,3385.01,6770.02,3263.96,Cash on Delivery,Shipped,Ritu Sharma
ORD-000210,2025-10-30,CUS-0153,Kavya Joshi,Consumer,India,Punjab,Chandigarh,North,Online Store,APPL-501,Appliances,Kitchen,BrewMaster Coffee Machine,3,11762.64,0,35287.92,0.00,35287.92,7374.15,22122.45,13165.47,Wallet,Delivered,Ira Nair
ORD-000411,2025-10-30,CUS-0234,Kavya Rao,Consumer,India,Gujarat,Ahmedabad,West,Marketplace,ELEC-104,Electronics,Accessories,65W USB-C Charger,4,2527.13,10,10108.52,1010.85,9097.67,1143.55,4574.20,4523.47,UPI,Delivered,Ira Nair
ORD-000025,2025-10-31,CUS-0304,Aarav Gupta,Consumer,India,Maharashtra,Pune,West,Corporate Sales,SOFT-402,Software,Security,SecurePro Endpoint License,6,5247.27,10,31483.62,3148.36,28335.26,1366.57,8199.42,20135.84,Credit Card,Delivered,Ira Nair
ORD-000863,2025-10-31,CUS-0024,Akash Shah,Consumer,India,Rajasthan,Jaipur,North,Retail Store,ELEC-102,Electronics,Smartphones,Nova X5 Smartphone,6,36349.89,5,218099.34,10904.97,207194.37,24554.98,147329.88,59864.49,Debit Card,Delivered,Maya Shah
ORD-000723,2025-11-01,CUS-0244,Aisha Mehta,Small Business,India,Tamil Nadu,Chennai,South,Online Store,OFFC-303,Office Supplies,Organization,Desktop Organizer,3,1374.74,10,4124.22,412.42,3711.80,592.16,1776.48,1935.32,UPI,Delivered,Samar Joshi
ORD-000793,2025-11-01,CUS-0026,Meera Kapoor,Consumer,India,Maharashtra,Mumbai,West,Online Store,ELEC-101,Electronics,Laptops,ApexBook 14 Laptop,7,70874.57,10,496121.99,49612.20,446509.79,53552.03,374864.21,71645.58,Cash on Delivery,Processing,Dev Patel
ORD-001148,2025-11-01,CUS-0302,Zoya Sharma,Enterprise,India,Maharashtra,Pune,West,Corporate Sales,ELEC-102,Electronics,Smartphones,Nova X5 Smartphone,19,36998.53,5,702972.07,35148.60,667823.47,24624.89,467872.91,199950.56,Cash on Delivery,Shipped,Maya Shah
ORD-000514,2025-11-02,CUS-0118,Nikhil Kapoor,Consumer,India,Punjab,Chandigarh,North,Online Store,ELEC-104,Electronics,Accessories,65W USB-C Charger,6,2469.17,10,14815.02,1481.50,13333.52,1155.51,6933.06,6400.46,UPI,Delivered,Neil Gupta
ORD-001147,2025-11-02,CUS-0020,Aditi Singh,Consumer,India,Karnataka,Mysuru,South,Marketplace,FURN-203,Furniture,Storage,Steel Filing Cabinet,4,9444.88,10,37779.52,3777.95,34001.57,5654.82,22619.28,11382.29,UPI,Delivered,Anjali Mehta
ORD-000392,2025-11-03,CUS-0052,Aarav Desai,Consumer,India,Gujarat,Surat,West,Retail Store,FURN-202,Furniture,Desks,Oak Standing Desk,1,27420.86,10,27420.86,2742.09,24678.77,19193.78,19193.78,5484.99,Bank Transfer,Delivered,Maya Shah
ORD-000777,2025-11-03,CUS-0286,Aditi Joshi,Enterprise,India,Maharashtra,Pune,West,Marketplace,ELEC-103,Electronics,Audio,Pulse Wireless Headphones,12,5662.39,10,67948.68,6794.87,61153.81,3395.56,40746.72,20407.09,UPI,Delivered,Karan Singh
ORD-000198,2025-11-05,CUS-0043,Ishaan Shah,Consumer,India,Telangana,Hyderabad,South,Marketplace,FURN-202,Furniture,Desks,Oak Standing Desk,3,30605.61,15,91816.83,13772.52,78044.31,18501.32,55503.96,22540.35,Debit Card,Delivered,Neil Gupta
ORD-000240,2025-11-06,CUS-0164,Arjun Joshi,Consumer,India,Punjab,Chandigarh,North,Corporate Sales,SOFT-402,Software,Security,SecurePro Endpoint License,2,4872.58,15,9745.16,1461.77,8283.39,1360.14,2720.28,5563.11,Bank Transfer,Shipped,Anjali Mehta
ORD-000365,2025-11-06,CUS-0124,Rohan Sharma,Consumer,India,Odisha,Bhubaneswar,East,Marketplace,OFFC-301,Office Supplies,Paper,A4 Copy Paper Box,7,1929.01,10,13503.07,1350.31,12152.76,1061.75,7432.25,4720.51,Credit Card,Delivered,Dev Patel
ORD-000539,2025-11-06,CUS-0057,Priya Jain,Consumer,India,Tamil Nadu,Chennai,South,Corporate Sales,FURN-202,Furniture,Desks,Oak Standing Desk,5,30633.13,10,153165.65,15316.57,137849.08,18277.81,91389.05,46460.03,Cash on Delivery,Delivered,Ira Nair
ORD-000719,2025-11-07,CUS-0035,Rohan Singh,Enterprise,India,Maharashtra,Pune,West,Corporate Sales,OFFC-304,Office Supplies,Notebooks,Executive Notebook Set,13,872.02,5,11336.26,566.81,10769.45,398.80,5184.40,5585.05,Cash on Delivery,Delivered,Samar Joshi
ORD-001179,2025-11-07,CUS-0124,Rohan Sharma,Consumer,India,Gujarat,Surat,West,Corporate Sales,ELEC-105,Electronics,Monitors,Vision 27-inch Monitor,5,22505.13,5,112525.65,5626.28,106899.37,15019.18,75095.90,31803.47,Debit Card,Shipped,Dev Patel
ORD-000056,2025-11-08,CUS-0264,Neha Agarwal,Enterprise,India,Chhattisgarh,Raipur,Central,Retail Store,OFFC-304,Office Supplies,Notebooks,Executive Notebook Set,11,891.97,10,9811.67,981.17,8830.50,399.20,4391.20,4439.30,Cash on Delivery,Delivered,Neil Gupta
ORD-000090,2025-11-08,CUS-0004,Kavya Agarwal,Small Business,India,Delhi,New Delhi,North,Corporate Sales,OFFC-304,Office Supplies,Notebooks,Executive Notebook Set,7,871.42,10,6099.94,609.99,5489.95,380.65,2664.55,2825.40,Debit Card,Shipped,Dev Patel
ORD-000695,2025-11-10,CUS-0048,Priya Sharma,Consumer,India,West Bengal,Kolkata,East,Marketplace,FURN-202,Furniture,Desks,Oak Standing Desk,5,28080.32,5,140401.60,7020.08,133381.52,18466.20,92331.00,41050.52,Cash on Delivery,Delivered,Karan Singh
ORD-000143,2025-11-11,CUS-0202,Akash Nair,Small Business,India,Rajasthan,Jaipur,North,Marketplace,ELEC-102,Electronics,Smartphones,Nova X5 Smartphone,4,34469.97,0,137879.88,0.00,137879.88,24348.30,97393.20,40486.68,Wallet,Delivered,Ira Nair
ORD-000736,2025-11-11,CUS-0105,Saanvi Jain,Consumer,India,Odisha,Bhubaneswar,East,Marketplace,OFFC-303,Office Supplies,Organization,Desktop Organizer,7,1376.62,20,9636.34,1927.27,7709.07,591.74,4142.18,3566.89,Bank Transfer,Delivered,Maya Shah
ORD-001030,2025-11-11,CUS-0314,Priya Joshi,Small Business,India,Gujarat,Ahmedabad,West,Online Store,ELEC-103,Electronics,Audio,Pulse Wireless Headphones,3,5693.42,20,17080.26,3416.05,13664.21,3377.44,10132.32,3531.89,Cash on Delivery,Delivered,Neil Gupta
ORD-000630,2025-11-12,CUS-0265,Rahul Agarwal,Consumer,India,Maharashtra,Mumbai,West,Marketplace,OFFC-303,Office Supplies,Organization,Desktop Organizer,2,1244.12,5,2488.24,124.41,2363.83,621.18,1242.36,1121.47,Debit Card,Delivered,Ira Nair
ORD-000089,2025-11-13,CUS-0270,Kabir Mehta,Consumer,India,Karnataka,Bengaluru,South,Online Store,OFFC-304,Office Supplies,Notebooks,Executive Notebook Set,6,866.98,0,5201.88,0.00,5201.88,400.47,2402.82,2799.06,Wallet,Delivered,Samar Joshi
ORD-000751,2025-11-13,CUS-0320,Riya Joshi,Small Business,India,Chhattisgarh,Raipur,Central,Online Store,ELEC-102,Electronics,Smartphones,Nova X5 Smartphone,7,35821.60,0,250751.20,0.00,250751.20,24931.62,174521.34,76229.86,Wallet,Processing,Ritu Sharma
ORD-000007,2025-11-14,CUS-0101,Priya Desai,Small Business,India,Karnataka,Bengaluru,South,Retail Store,OFFC-303,Office Supplies,Organization,Desktop Organizer,3,1266.74,0,3800.22,0.00,3800.22,600.54,1801.62,0.00,UPI,Cancelled,Samar Joshi
ORD-000420,2025-11-15,CUS-0310,Diya Agarwal,Consumer,India,Karnataka,Mysuru,South,Retail Store,OFFC-302,Office Supplies,Writing,Premium Pen Pack,2,484.03,0,968.06,0.00,968.06,205.81,411.62,556.44,Wallet,Shipped,Ira Nair
ORD-000471,2025-11-15,CUS-0109,Riya Iyer,Enterprise,India,Gujarat,Surat,West,Marketplace,SOFT-402,Software,Security,SecurePro Endpoint License,15,5011.88,5,75178.20,3758.91,71419.29,1403.56,21053.40,50365.89,Bank Transfer,Delivered,Ira Nair
ORD-000576,2025-11-15,CUS-0281,Kabir Mehta,Consumer,India,Karnataka,Mysuru,South,Online Store,OFFC-303,Office Supplies,Organization,Desktop Organizer,5,1319.88,25,6599.40,1649.85,4949.55,601.53,3007.65,1941.90,Debit Card,Delivered,Dev Patel
ORD-001240,2025-11-16,CUS-0078,Aditi Sharma,Consumer,India,Delhi,New Delhi,North,Online Store,OFFC-303,Office Supplies,Organization,Desktop Organizer,5,1376.07,0,6880.35,0.00,6880.35,608.19,3040.95,3839.40,Debit Card,Delivered,Ira Nair
ORD-000386,2025-11-17,CUS-0016,Neha Patel,Small Business,India,Gujarat,Surat,West,Online Store,ELEC-105,Electronics,Monitors,Vision 27-inch Monitor,1,21977.96,0,21977.96,0.00,21977.96,15171.46,15171.46,6806.50,Cash on Delivery,Delivered,Ira Nair
ORD-000670,2025-11-17,CUS-0276,Nikhil Rao,Consumer,India,West Bengal,Kolkata,East,Marketplace,FURN-201,Furniture,Chairs,ErgoMesh Office Chair,1,13916.22,10,13916.22,1391.62,12524.60,8553.15,8553.15,3971.45,Bank Transfer,Delivered,Samar Joshi
ORD-000707,2025-11-17,CUS-0128,Saanvi Nair,Consumer,India,Maharashtra,Pune,West,Marketplace,FURN-203,Furniture,Storage,Steel Filing Cabinet,2,9904.09,5,19808.18,990.41,18817.77,5681.52,11363.04,7454.73,Credit Card,Delivered,Dev Patel
ORD-000387,2025-11-18,CUS-0230,Kabir Mehta,Enterprise,India,Maharashtra,Mumbai,West,Corporate Sales,ELEC-105,Electronics,Monitors,Vision 27-inch Monitor,19,22648.38,10,430319.22,43031.92,387287.30,14869.70,282524.30,104763.00,UPI,Processing,Samar Joshi
ORD-000373,2025-11-19,CUS-0093,Diya Verma,Small Business,India,Madhya Pradesh,Indore,Central,Online Store,SOFT-403,Software,Design,DesignFlow Annual License,3,14112.47,20,42337.41,8467.48,33869.93,4113.94,12341.82,21528.11,Wallet,Delivered,Dev Patel
ORD-000018,2025-11-20,CUS-0001,Ishaan Sharma,Small Business,India,Tamil Nadu,Chennai,South,Online Store,APPL-502,Appliances,Climate,PureAir Room Purifier,6,17924.90,25,107549.40,26887.35,80662.05,10304.89,61829.34,18832.71,Bank Transfer,Delivered,Karan Singh
ORD-000046,2025-11-20,CUS-0021,Saanvi Desai,Consumer,India,Karnataka,Bengaluru,South,Online Store,ELEC-101,Electronics,Laptops,ApexBook 14 Laptop,4,70685.39,0,282741.56,0.00,282741.56,55211.64,220846.56,61895.00,Wallet,Shipped,Samar Joshi
ORD-000449,2025-11-21,CUS-0289,Nikhil Rao,Consumer,India,Madhya Pradesh,Indore,Central,Online Store,FURN-204,Furniture,Tables,Metro Conference Table,4,38568.18,5,154272.72,7713.64,146559.08,27446.68,109786.72,36772.36,Bank Transfer,Delivered,Dev Patel
ORD-000540,2025-11-21,CUS-0119,Priya Desai,Consumer,India,Karnataka,Mysuru,South,Retail Store,OFFC-302,Office Supplies,Writing,Premium Pen Pack,3,528.61,10,1585.83,158.58,1427.25,210.52,631.56,795.69,Credit Card,Delivered,Ritu Sharma
ORD-000656,2025-11-21,CUS-0128,Saanvi Nair,Consumer,India,Karnataka,Bengaluru,South,Retail Store,SOFT-402,Software,Security,SecurePro Endpoint License,3,5005.10,0,15015.30,0.00,15015.30,1361.35,4084.05,10931.25,Bank Transfer,Delivered,Samar Joshi
ORD-000817,2025-11-21,CUS-0118,Nikhil Kapoor,Consumer,India,Delhi,New Delhi,North,Marketplace,SOFT-401,Software,Productivity,OfficeSuite Annual License,6,8114.03,5,48684.18,2434.21,46249.97,2137.60,12825.60,0.00,Debit Card,Cancelled,Anjali Mehta
ORD-000810,2025-11-22,CUS-0223,Akash Kapoor,Consumer,India,Delhi,New Delhi,North,Retail Store,OFFC-303,Office Supplies,Organization,Desktop Organizer,4,1319.16,0,5276.64,0.00,5276.64,620.80,2483.20,2793.44,Credit Card,Delivered,Samar Joshi
ORD-000188,2025-11-24,CUS-0141,Arjun Desai,Consumer,India,Rajasthan,Jaipur,North,Marketplace,OFFC-301,Office Supplies,Paper,A4 Copy Paper Box,7,1951.30,5,13659.10,682.96,12976.14,1091.17,7638.19,5337.95,Bank Transfer,Delivered,Ritu Sharma
ORD-000595,2025-11-25,CUS-0311,Saanvi Singh,Small Business,India,Maharashtra,Mumbai,West,Retail Store,ELEC-105,Electronics,Monitors,Vision 27-inch Monitor,1,22030.65,10,22030.65,2203.07,19827.58,15194.94,15194.94,4632.64,Bank Transfer,Delivered,Karan Singh
ORD-001006,2025-11-25,CUS-0231,Akash Patel,Consumer,India,Chhattisgarh,Raipur,Central,Retail Store,ELEC-101,Electronics,Laptops,ApexBook 14 Laptop,5,73035.15,10,365175.75,36517.57,328658.18,53595.05,267975.25,60682.93,UPI,Delivered,Ritu Sharma
ORD-000755,2025-11-27,CUS-0066,Meera Verma,Small Business,India,Karnataka,Mysuru,South,Retail Store,OFFC-302,Office Supplies,Writing,Premium Pen Pack,7,525.33,0,3677.31,0.00,3677.31,210.67,1474.69,2202.62,Bank Transfer,Delivered,Samar Joshi
ORD-000070,2025-11-28,CUS-0262,Aditi Desai,Small Business,India,West Bengal,Kolkata,East,Corporate Sales,FURN-203,Furniture,Storage,Steel Filing Cabinet,1,9786.50,0,9786.50,0.00,9786.50,5855.98,5855.98,3930.52,Credit Card,Delivered,Anjali Mehta
ORD-000297,2025-11-28,CUS-0028,Rahul Jain,Consumer,India,Karnataka,Mysuru,South,Online Store,ELEC-103,Electronics,Audio,Pulse Wireless Headphones,3,5855.88,5,17567.64,878.38,16689.26,3217.47,9652.41,7036.85,Debit Card,Delivered,Samar Joshi
ORD-000058,2025-11-29,CUS-0269,Priya Rao,Consumer,India,Telangana,Hyderabad,South,Corporate Sales,OFFC-304,Office Supplies,Notebooks,Executive Notebook Set,1,909.93,5,909.93,45.50,864.43,388.57,388.57,475.86,Wallet,Delivered,Dev Patel
ORD-000463,2025-11-30,CUS-0047,Arjun Verma,Small Business,India,Tamil Nadu,Chennai,South,Corporate Sales,APPL-502,Appliances,Climate,PureAir Room Purifier,5,17644.21,15,88221.05,13233.16,74987.89,10487.43,52437.15,22550.74,Debit Card,Shipped,Ira Nair
ORD-000944,2025-12-01,CUS-0008,Meera Jain,Enterprise,India,Maharashtra,Mumbai,West,Corporate Sales,APPL-501,Appliances,Kitchen,BrewMaster Coffee Machine,9,12395.59,5,111560.31,5578.02,105982.29,7082.67,63744.03,42238.26,Cash on Delivery,Delivered,Samar Joshi
ORD-000075,2025-12-02,CUS-0242,Riya Patel,Small Business,India,Madhya Pradesh,Indore,Central,Marketplace,FURN-201,Furniture,Chairs,ErgoMesh Office Chair,3,14652.71,5,43958.13,2197.91,41760.22,8312.23,24936.69,16823.53,Wallet,Delivered,Dev Patel
ORD-000990,2025-12-02,CUS-0030,Neha Joshi,Consumer,India,Tamil Nadu,Chennai,South,Online Store,FURN-202,Furniture,Desks,Oak Standing Desk,5,28368.76,5,141843.80,7092.19,134751.61,18275.02,91375.10,0.00,Bank Transfer,Cancelled,Dev Patel
ORD-000779,2025-12-03,CUS-0241,Ishaan Jain,Small Business,India,Tamil Nadu,Chennai,South,Marketplace,SOFT-401,Software,Productivity,OfficeSuite Annual License,2,7908.87,5,15817.74,790.89,15026.85,2147.65,4295.30,10731.55,Debit Card,Delivered,Dev Patel
ORD-000374,2025-12-04,CUS-0052,Aarav Desai,Consumer,India,West Bengal,Kolkata,East,Corporate Sales,ELEC-104,Electronics,Accessories,65W USB-C Charger,5,2545.60,0,12728.00,0.00,12728.00,1141.04,5705.20,7022.80,Debit Card,Delivered,Samar Joshi
ORD-000873,2025-12-04,CUS-0007,Riya Rao,Consumer,India,Maharashtra,Mumbai,West,Corporate Sales,FURN-202,Furniture,Desks,Oak Standing Desk,2,29659.05,15,59318.10,8897.72,50420.38,18693.39,37386.78,13033.60,Credit Card,Shipped,Maya Shah
ORD-001197,2025-12-05,CUS-0130,Ananya Agarwal,Small Business,India,Maharashtra,Pune,West,Online Store,SOFT-401,Software,Productivity,OfficeSuite Annual License,5,8451.51,0,42257.55,0.00,42257.55,2182.02,10910.10,31347.45,Credit Card,Delivered,Ira Nair
ORD-000103,2025-12-06,CUS-0021,Saanvi Desai,Consumer,India,Odisha,Bhubaneswar,East,Online Store,ELEC-103,Electronics,Audio,Pulse Wireless Headphones,6,6057.41,5,36344.46,1817.22,34527.24,3344.15,20064.90,14462.34,UPI,Delivered,Ritu Sharma
ORD-000948,2025-12-06,CUS-0074,Nikhil Rao,Consumer,India,Punjab,Chandigarh,North,Online Store,ELEC-104,Electronics,Accessories,65W USB-C Charger,7,2621.25,0,18348.75,0.00,18348.75,1152.44,8067.08,10281.67,UPI,Processing,Neil Gupta
ORD-001003,2025-12-06,CUS-0313,Neha Joshi,Consumer,India,West Bengal,Kolkata,East,Corporate Sales,SOFT-402,Software,Security,SecurePro Endpoint License,4,5221.59,5,20886.36,1044.32,19842.04,1359.02,5436.08,14405.96,Debit Card,Delivered,Dev Patel
ORD-001249,2025-12-06,CUS-0044,Kabir Kapoor,Consumer,India,Telangana,Hyderabad,South,Corporate Sales,ELEC-103,Electronics,Audio,Pulse Wireless Headphones,2,6249.25,0,12498.50,0.00,12498.50,3363.47,6726.94,5771.56,Debit Card,Delivered,Anjali Mehta
ORD-000233,2025-12-07,CUS-0049,Priya Kapoor,Consumer,India,Karnataka,Bengaluru,South,Online Store,ELEC-103,Electronics,Audio,Pulse Wireless Headphones,3,5727.95,0,17183.85,0.00,17183.85,3371.18,10113.54,7070.31,Cash on Delivery,Shipped,Maya Shah
ORD-000462,2025-12-07,CUS-0219,Meera Shah,Consumer,India,Madhya Pradesh,Indore,Central,Marketplace,ELEC-102,Electronics,Smartphones,Nova X5 Smartphone,2,33419.86,5,66839.72,3341.99,63497.73,24148.31,48296.62,15201.11,Debit Card,Delivered,Samar Joshi
ORD-000639,2025-12-07,CUS-0312,Ananya Singh,Enterprise,India,Rajasthan,Jaipur,North,Corporate Sales,ELEC-105,Electronics,Monitors,Vision 27-inch Monitor,8,20737.92,15,165903.36,24885.50,141017.86,15347.67,122781.36,0.00,Bank Transfer,Cancelled,Anjali Mehta
ORD-000836,2025-12-07,CUS-0235,Riya Iyer,Consumer,India,Chhattisgarh,Raipur,Central,Marketplace,SOFT-403,Software,Design,DesignFlow Annual License,4,14108.80,10,56435.20,5643.52,50791.68,4117.10,16468.40,34323.28,Credit Card,Delivered,Neil Gupta
ORD-000114,2025-12-09,CUS-0164,Arjun Joshi,Consumer,India,Punjab,Chandigarh,North,Corporate Sales,ELEC-103,Electronics,Audio,Pulse Wireless Headphones,3,5702.17,5,17106.51,855.33,16251.18,3305.20,9915.60,0.00,Cash on Delivery,Cancelled,Maya Shah
ORD-000124,2025-12-09,CUS-0113,Arjun Jain,Consumer,India,Punjab,Chandigarh,North,Marketplace,ELEC-103,Electronics,Audio,Pulse Wireless Headphones,6,6192.28,10,37153.68,3715.37,33438.31,3291.68,19750.08,13688.23,Bank Transfer,Delivered,Ritu Sharma
ORD-000910,2025-12-09,CUS-0060,Priya Kapoor,Consumer,India,Telangana,Hyderabad,South,Retail Store,OFFC-304,Office Supplies,Notebooks,Executive Notebook Set,1,951.16,0,951.16,0.00,951.16,399.16,399.16,552.00,Wallet,Delivered,Neil Gupta
ORD-001110,2025-12-09,CUS-0297,Ishaan Kapoor,Small Business,India,Chhattisgarh,Raipur,Central,Online Store,SOFT-401,Software,Productivity,OfficeSuite Annual License,5,7602.27,5,38011.35,1900.57,36110.78,2205.63,11028.15,25082.63,Debit Card,Processing,Karan Singh
ORD-001233,2025-12-09,CUS-0009,Rahul Singh,Consumer,India,Odisha,Bhubaneswar,East,Online Store,SOFT-402,Software,Security,SecurePro Endpoint License,1,5217.45,5,5217.45,260.87,4956.58,1433.76,1433.76,3522.82,Cash on Delivery,Shipped,Karan Singh
ORD-000729,2025-12-10,CUS-0114,Arjun Jain,Consumer,India,Rajasthan,Jaipur,North,Corporate Sales,FURN-201,Furniture,Chairs,ErgoMesh Office Chair,6,14023.31,10,84139.86,8413.99,75725.87,8222.38,49334.28,26391.59,Wallet,Delivered,Samar Joshi
ORD-000983,2025-12-12,CUS-0270,Kabir Mehta,Consumer,India,Karnataka,Bengaluru,South,Retail Store,APPL-501,Appliances,Kitchen,BrewMaster Coffee Machine,1,12500.66,20,12500.66,2500.13,10000.53,7375.48,7375.48,2625.05,Credit Card,Returned,Ritu Sharma
ORD-000481,2025-12-13,CUS-0010,Meera Iyer,Consumer,India,Odisha,Bhubaneswar,East,Online Store,SOFT-403,Software,Design,DesignFlow Annual License,1,15328.87,20,15328.87,3065.77,12263.10,4244.86,4244.86,8018.24,Credit Card,Delivered,Anjali Mehta
ORD-000937,2025-12-13,CUS-0172,Aisha Jain,Enterprise,India,Madhya Pradesh,Indore,Central,Corporate Sales,APPL-502,Appliances,Climate,PureAir Room Purifier,7,16280.14,15,113960.98,17094.15,96866.83,10293.09,72051.63,24815.20,Bank Transfer,Delivered,Maya Shah
ORD-000203,2025-12-14,CUS-0078,Aditi Sharma,Consumer,India,Rajasthan,Jaipur,North,Retail Store,ELEC-103,Electronics,Audio,Pulse Wireless Headphones,5,5896.79,0,29483.95,0.00,29483.95,3361.81,16809.05,12674.90,Bank Transfer,Delivered,Ritu Sharma
ORD-000465,2025-12-14,CUS-0256,Arjun Sharma,Small Business,India,Karnataka,Mysuru,South,Corporate Sales,ELEC-102,Electronics,Smartphones,Nova X5 Smartphone,2,33083.96,5,66167.92,3308.40,62859.52,24724.18,49448.36,13411.16,Cash on Delivery,Shipped,Maya Shah
ORD-000767,2025-12-16,CUS-0277,Rahul Patel,Consumer,India,Rajasthan,Jaipur,North,Corporate Sales,SOFT-403,Software,Design,DesignFlow Annual License,5,15233.88,10,76169.40,7616.94,68552.46,4303.12,21515.60,47036.86,Debit Card,Delivered,Ritu Sharma
ORD-000746,2025-12-17,CUS-0210,Kabir Sharma,Consumer,India,Rajasthan,Jaipur,North,Marketplace,FURN-204,Furniture,Tables,Metro Conference Table,5,40107.40,20,200537.00,40107.40,160429.60,27467.16,137335.80,23093.80,Credit Card,Delivered,Dev Patel
ORD-000095,2025-12-18,CUS-0023,Meera Verma,Consumer,India,Maharashtra,Pune,West,Corporate Sales,FURN-203,Furniture,Storage,Steel Filing Cabinet,7,9960.51,0,69723.57,0.00,69723.57,5593.23,39152.61,30570.96,UPI,Delivered,Neil Gupta
ORD-000758,2025-12-18,CUS-0175,Arjun Joshi,Small Business,India,Uttar Pradesh,Noida,North,Online Store,APPL-502,Appliances,Climate,PureAir Room Purifier,6,17743.78,10,106462.68,10646.27,95816.41,10363.14,62178.84,33637.57,Cash on Delivery,Delivered,Samar Joshi
ORD-000060,2025-12-19,CUS-0303,Zoya Joshi,Consumer,India,Chhattisgarh,Raipur,Central,Retail Store,FURN-204,Furniture,Tables,Metro Conference Table,1,40380.65,0,40380.65,0.00,40380.65,26973.34,26973.34,0.00,Bank Transfer,Cancelled,Ritu Sharma
ORD-000299,2025-12-19,CUS-0031,Aarav Mehta,Consumer,India,Punjab,Chandigarh,North,Corporate Sales,FURN-203,Furniture,Storage,Steel Filing Cabinet,5,9192.57,5,45962.85,2298.14,43664.71,5639.88,28199.40,15465.31,Wallet,Delivered,Anjali Mehta
ORD-001225,2025-12-19,CUS-0152,Arjun Iyer,Consumer,India,Maharashtra,Pune,West,Corporate Sales,OFFC-304,Office Supplies,Notebooks,Executive Notebook Set,2,909.19,10,1818.38,181.84,1636.54,400.56,801.12,835.42,Cash on Delivery,Returned,Anjali Mehta
ORD-000507,2025-12-20,CUS-0102,Meera Sharma,Consumer,India,Delhi,New Delhi,North,Marketplace,OFFC-303,Office Supplies,Organization,Desktop Organizer,5,1371.91,5,6859.55,342.98,6516.57,609.93,3049.65,3466.92,Wallet,Delivered,Samar Joshi
ORD-000966,2025-12-20,CUS-0267,Neha Kapoor,Consumer,India,West Bengal,Kolkata,East,Online Store,FURN-204,Furniture,Tables,Metro Conference Table,6,37649.56,10,225897.36,22589.74,203307.62,26747.89,160487.34,42820.28,Wallet,Delivered,Dev Patel
ORD-000082,2025-12-22,CUS-0124,Rohan Sharma,Consumer,India,Maharashtra,Mumbai,West,Corporate Sales,APPL-501,Appliances,Kitchen,BrewMaster Coffee Machine,1,12256.07,0,12256.07,0.00,12256.07,7295.06,7295.06,4961.01,UPI,Delivered,Dev Patel
ORD-000907,2025-12-22,CUS-0002,Akash Jain,Enterprise,India,Maharashtra,Pune,West,Corporate Sales,SOFT-403,Software,Design,DesignFlow Annual License,17,15051.34,5,255872.78,12793.64,243079.14,4114.24,69942.08,0.00,Wallet,Cancelled,Maya Shah
ORD-001168,2025-12-22,CUS-0122,Kavya Gupta,Small Business,India,Karnataka,Bengaluru,South,Online Store,FURN-204,Furniture,Tables,Metro Conference Table,4,40837.68,5,163350.72,8167.54,155183.18,26282.82,105131.28,50051.90,UPI,Delivered,Ritu Sharma
ORD-001175,2025-12-23,CUS-0217,Meera Joshi,Consumer,India,Gujarat,Surat,West,Online Store,OFFC-303,Office Supplies,Organization,Desktop Organizer,4,1264.39,10,5057.56,505.76,4551.80,620.16,2480.64,2071.16,Credit Card,Delivered,Anjali Mehta
ORD-000619,2025-12-26,CUS-0125,Ananya Jain,Consumer,India,Delhi,New Delhi,North,Corporate Sales,OFFC-304,Office Supplies,Notebooks,Executive Notebook Set,2,939.82,10,1879.64,187.96,1691.68,384.65,769.30,922.38,Cash on Delivery,Delivered,Dev Patel
ORD-000878,2025-12-28,CUS-0172,Aisha Jain,Enterprise,India,Maharashtra,Pune,West,Retail Store,SOFT-401,Software,Productivity,OfficeSuite Annual License,10,7733.41,10,77334.10,7733.41,69600.69,2137.29,21372.90,48227.79,Debit Card,Delivered,Anjali Mehta
ORD-001137,2025-12-29,CUS-0043,Ishaan Shah,Consumer,India,Madhya Pradesh,Indore,Central,Retail Store,SOFT-403,Software,Design,DesignFlow Annual License,4,15330.62,10,61322.48,6132.25,55190.23,4224.28,16897.12,38293.11,Cash on Delivery,Delivered,Neil Gupta
ORD-000690,2025-12-31,CUS-0172,Aisha Jain,Enterprise,India,Madhya Pradesh,Indore,Central,Corporate Sales,FURN-203,Furniture,Storage,Steel Filing Cabinet,3,9698.37,5,29095.11,1454.76,27640.35,5802.73,17408.19,10232.16,UPI,Returned,Neil Gupta
ORD-001185,2025-12-31,CUS-0179,Ishaan Mehta,Consumer,India,Karnataka,Mysuru,South,Corporate Sales,SOFT-402,Software,Security,SecurePro Endpoint License,3,5155.08,10,15465.24,1546.52,13918.72,1386.62,4159.86,9758.86,Debit Card,Delivered,Karan Singh
ORD-000795,2026-01-01,CUS-0078,Aditi Sharma,Consumer,India,Gujarat,Ahmedabad,West,Online Store,OFFC-303,Office Supplies,Organization,Desktop Organizer,4,1234.57,0,4938.28,0.00,4938.28,602.05,2408.20,2530.08,Debit Card,Shipped,Anjali Mehta
ORD-000169,2026-01-02,CUS-0010,Meera Iyer,Consumer,India,Delhi,New Delhi,North,Online Store,APPL-502,Appliances,Climate,PureAir Room Purifier,5,17524.92,5,87624.60,4381.23,83243.37,10597.26,52986.30,30257.07,Cash on Delivery,Delivered,Ira Nair
ORD-000207,2026-01-02,CUS-0232,Akash Iyer,Consumer,India,Punjab,Chandigarh,North,Retail Store,SOFT-402,Software,Security,SecurePro Endpoint License,3,5233.14,10,15699.42,1569.94,14129.48,1370.43,4111.29,10018.19,Wallet,Delivered,Anjali Mehta
ORD-000600,2026-01-02,CUS-0104,Riya Verma,Consumer,India,Gujarat,Ahmedabad,West,Online Store,OFFC-302,Office Supplies,Writing,Premium Pen Pack,4,503.50,10,2014.00,201.40,1812.60,213.91,855.64,956.96,Wallet,Delivered,Ritu Sharma
ORD-000034,2026-01-03,CUS-0155,Kabir Shah,Enterprise,India,Uttar Pradesh,Noida,North,Corporate Sales,SOFT-401,Software,Productivity,OfficeSuite Annual License,13,7662.26,0,99609.38,0.00,99609.38,2172.87,28247.31,71362.07,Credit Card,Delivered,Maya Shah
ORD-000205,2026-01-03,CUS-0082,Aditi Nair,Small Business,India,Delhi,New Delhi,North,Marketplace,FURN-202,Furniture,Desks,Oak Standing Desk,4,30553.29,10,122213.16,12221.32,109991.84,18659.53,74638.12,35353.72,Debit Card,Delivered,Maya Shah
ORD-000759,2026-01-04,CUS-0120,Rahul Kapoor,Consumer,India,West Bengal,Kolkata,East,Retail Store,APPL-501,Appliances,Kitchen,BrewMaster Coffee Machine,3,11723.65,0,35170.95,0.00,35170.95,7171.44,21514.32,13656.63,Credit Card,Delivered,Ira Nair
ORD-000247,2026-01-05,CUS-0291,Ishaan Nair,Consumer,India,Tamil Nadu,Chennai,South,Retail Store,FURN-201,Furniture,Chairs,ErgoMesh Office Chair,3,13585.08,20,40755.24,8151.05,32604.19,8566.63,25699.89,6904.30,UPI,Delivered,Ira Nair
ORD-000603,2026-01-05,CUS-0112,Akash Singh,Consumer,India,Rajasthan,Jaipur,North,Corporate Sales,FURN-201,Furniture,Chairs,ErgoMesh Office Chair,7,14762.46,10,103337.22,10333.72,93003.50,8221.57,57550.99,35452.51,UPI,Processing,Ritu Sharma
ORD-000061,2026-01-07,CUS-0023,Meera Verma,Consumer,India,West Bengal,Kolkata,East,Online Store,ELEC-105,Electronics,Monitors,Vision 27-inch Monitor,1,22109.46,5,22109.46,1105.47,21003.99,14890.97,14890.97,6113.02,Debit Card,Delivered,Karan Singh
ORD-000915,2026-01-07,CUS-0137,Aditi Nair,Small Business,India,Uttar Pradesh,Noida,North,Corporate Sales,SOFT-402,Software,Security,SecurePro Endpoint License,5,5003.50,10,25017.50,2501.75,22515.75,1417.92,7089.60,15426.15,Cash on Delivery,Shipped,Samar Joshi
ORD-001191,2026-01-07,CUS-0105,Saanvi Jain,Consumer,India,Maharashtra,Mumbai,West,Corporate Sales,ELEC-102,Electronics,Smartphones,Nova X5 Smartphone,4,35118.88,10,140475.52,14047.55,126427.97,24715.94,98863.76,27564.21,Wallet,Delivered,Anjali Mehta
ORD-000039,2026-01-08,CUS-0120,Rahul Kapoor,Consumer,India,Delhi,New Delhi,North,Retail Store,ELEC-102,Electronics,Smartphones,Nova X5 Smartphone,1,36229.03,15,36229.03,5434.35,30794.68,24602.44,24602.44,6192.24,Wallet,Delivered,Neil Gupta
ORD-000293,2026-01-08,CUS-0138,Riya Iyer,Small Business,India,Rajasthan,Jaipur,North,Retail Store,ELEC-102,Electronics,Smartphones,Nova X5 Smartphone,5,36253.21,20,181266.05,36253.21,145012.84,24978.18,124890.90,20121.94,Bank Transfer,Delivered,Samar Joshi
ORD-001012,2026-01-08,CUS-0262,Aditi Desai,Small Business,India,Delhi,New Delhi,North,Corporate Sales,FURN-203,Furniture,Storage,Steel Filing Cabinet,2,9423.60,5,18847.20,942.36,17904.84,5776.13,11552.26,6352.58,Cash on Delivery,Delivered,Dev Patel
ORD-000254,2026-01-10,CUS-0019,Zoya Rao,Consumer,India,Odisha,Bhubaneswar,East,Retail Store,OFFC-303,Office Supplies,Organization,Desktop Organizer,4,1240.45,5,4961.80,248.09,4713.71,602.85,2411.40,2302.31,Bank Transfer,Delivered,Karan Singh
ORD-000753,2026-01-10,CUS-0319,Ananya Shah,Consumer,India,Maharashtra,Pune,West,Marketplace,OFFC-303,Office Supplies,Organization,Desktop Organizer,6,1347.09,5,8082.54,404.13,7678.41,609.67,3658.02,4020.39,Debit Card,Delivered,Ira Nair
ORD-000608,2026-01-12,CUS-0096,Riya Agarwal,Consumer,India,Delhi,New Delhi,North,Corporate Sales,FURN-201,Furniture,Chairs,ErgoMesh Office Chair,1,13709.01,10,13709.01,1370.90,12338.11,8238.78,8238.78,4099.33,Debit Card,Delivered,Samar Joshi
ORD-000439,2026-01-13,CUS-0060,Priya Kapoor,Consumer,India,Karnataka,Mysuru,South,Marketplace,FURN-204,Furniture,Tables,Metro Conference Table,1,42354.97,0,42354.97,0.00,42354.97,27169.14,27169.14,15185.83,Credit Card,Processing,Neil Gupta
ORD-000621,2026-01-13,CUS-0212,Kabir Verma,Consumer,India,Karnataka,Bengaluru,South,Marketplace,ELEC-103,Electronics,Audio,Pulse Wireless Headphones,6,5960.08,25,35760.48,8940.12,26820.36,3273.21,19639.26,0.00,Wallet,Cancelled,Ritu Sharma
ORD-000450,2026-01-14,CUS-0138,Riya Iyer,Small Business,India,Tamil Nadu,Chennai,South,Marketplace,OFFC-301,Office Supplies,Paper,A4 Copy Paper Box,5,1955.77,0,9778.85,0.00,9778.85,1056.13,5280.65,4498.20,Wallet,Delivered,Samar Joshi
ORD-000840,2026-01-14,CUS-0035,Rohan Singh,Enterprise,India,West Bengal,Kolkata,East,Corporate Sales,FURN-204,Furniture,Tables,Metro Conference Table,11,40690.22,0,447592.42,0.00,447592.42,26403.68,290440.48,157151.94,UPI,Delivered,Maya Shah
ORD-001127,2026-01-16,CUS-0297,Ishaan Kapoor,Small Business,India,Uttar Pradesh,Noida,North,Marketplace,FURN-203,Furniture,Storage,Steel Filing Cabinet,3,9318.60,15,27955.80,4193.37,23762.43,5700.12,17100.36,6662.07,Debit Card,Delivered,Neil Gupta
ORD-000532,2026-01-17,CUS-0142,Arjun Desai,Consumer,India,Telangana,Hyderabad,South,Retail Store,FURN-204,Furniture,Tables,Metro Conference Table,1,41046.83,15,41046.83,6157.02,34889.81,27488.93,27488.93,7400.88,Bank Transfer,Shipped,Neil Gupta
ORD-000486,2026-01-18,CUS-0107,Zoya Iyer,Consumer,India,Rajasthan,Jaipur,North,Corporate Sales,OFFC-303,Office Supplies,Organization,Desktop Organizer,4,1299.97,10,5199.88,519.99,4679.89,617.92,2471.68,2208.21,UPI,Shipped,Ira Nair
ORD-000279,2026-01-19,CUS-0114,Arjun Jain,Consumer,India,Telangana,Hyderabad,South,Retail Store,ELEC-103,Electronics,Audio,Pulse Wireless Headphones,7,5647.12,5,39529.84,1976.49,37553.35,3381.62,23671.34,0.00,Cash on Delivery,Cancelled,Ira Nair
ORD-000313,2026-01-19,CUS-0297,Ishaan Kapoor,Small Business,India,Karnataka,Mysuru,South,Online Store,FURN-203,Furniture,Storage,Steel Filing Cabinet,5,9139.79,10,45698.95,4569.90,41129.05,5677.80,28389.00,0.00,Cash on Delivery,Cancelled,Maya Shah
ORD-000487,2026-01-20,CUS-0310,Diya Agarwal,Consumer,India,Telangana,Hyderabad,South,Retail Store,FURN-202,Furniture,Desks,Oak Standing Desk,5,30426.68,0,152133.40,0.00,152133.40,18940.25,94701.25,57432.15,UPI,Delivered,Maya Shah
ORD-000890,2026-01-20,CUS-0015,Rahul Kapoor,Consumer,India,Uttar Pradesh,Noida,North,Retail Store,FURN-204,Furniture,Tables,Metro Conference Table,6,37999.00,20,227994.00,45598.80,182395.20,27086.28,162517.68,19877.52,Cash on Delivery,Delivered,Karan Singh
ORD-000354,2026-01-21,CUS-0015,Rahul Kapoor,Consumer,India,Gujarat,Ahmedabad,West,Marketplace,OFFC-302,Office Supplies,Writing,Premium Pen Pack,7,507.96,20,3555.72,711.14,2844.58,211.04,1477.28,1367.30,Bank Transfer,Delivered,Dev Patel
ORD-001230,2026-01-21,CUS-0240,Saanvi Gupta,Consumer,India,Telangana,Hyderabad,South,Retail Store,SOFT-401,Software,Productivity,OfficeSuite Annual License,3,8290.85,10,24872.55,2487.26,22385.29,2176.27,6528.81,15856.48,UPI,Shipped,Ritu Sharma
ORD-000015,2026-01-22,CUS-0123,Riya Joshi,Enterprise,India,Rajasthan,Jaipur,North,Marketplace,SOFT-403,Software,Design,DesignFlow Annual License,6,15479.38,10,92876.28,9287.63,83588.65,4089.45,24536.70,59051.95,Credit Card,Delivered,Ira Nair
ORD-001192,2026-01-23,CUS-0103,Ishaan Shah,Consumer,India,Maharashtra,Pune,West,Retail Store,ELEC-105,Electronics,Monitors,Vision 27-inch Monitor,7,22102.62,15,154718.34,23207.75,131510.59,15022.71,105158.97,26351.62,Credit Card,Delivered,Ritu Sharma
ORD-000161,2026-01-24,CUS-0291,Ishaan Nair,Consumer,India,Karnataka,Mysuru,South,Online Store,FURN-202,Furniture,Desks,Oak Standing Desk,6,28742.24,15,172453.44,25868.02,146585.42,18432.66,110595.96,0.00,UPI,Cancelled,Samar Joshi
ORD-000545,2026-01-24,CUS-0187,Priya Gupta,Consumer,India,Karnataka,Bengaluru,South,Online Store,ELEC-103,Electronics,Audio,Pulse Wireless Headphones,1,6033.93,0,6033.93,0.00,6033.93,3336.42,3336.42,2697.51,Credit Card,Shipped,Samar Joshi
ORD-001040,2026-01-24,CUS-0108,Kabir Kapoor,Consumer,India,West Bengal,Kolkata,East,Corporate Sales,FURN-203,Furniture,Storage,Steel Filing Cabinet,2,9343.41,20,18686.82,3737.36,14949.46,5636.77,11273.54,3675.92,UPI,Delivered,Dev Patel
ORD-000122,2026-01-25,CUS-0050,Nikhil Jain,Consumer,India,Punjab,Chandigarh,North,Marketplace,OFFC-302,Office Supplies,Writing,Premium Pen Pack,7,509.66,20,3567.62,713.52,2854.10,208.17,1457.19,1396.91,Credit Card,Delivered,Karan Singh
ORD-000097,2026-01-26,CUS-0043,Ishaan Shah,Consumer,India,Uttar Pradesh,Noida,North,Corporate Sales,SOFT-401,Software,Productivity,OfficeSuite Annual License,3,8214.32,25,24642.96,6160.74,18482.22,2143.83,6431.49,12050.73,Cash on Delivery,Delivered,Ritu Sharma
ORD-000307,2026-01-26,CUS-0047,Arjun Verma,Small Business,India,Karnataka,Mysuru,South,Marketplace,ELEC-103,Electronics,Audio,Pulse Wireless Headphones,2,6031.28,25,12062.56,3015.64,9046.92,3386.36,6772.72,2274.20,Cash on Delivery,Delivered,Maya Shah
ORD-000876,2026-01-26,CUS-0203,Saanvi Gupta,Small Business,India,Rajasthan,Jaipur,North,Marketplace,OFFC-303,Office Supplies,Organization,Desktop Organizer,3,1267.91,10,3803.73,380.37,3423.36,603.61,1810.83,1612.53,UPI,Delivered,Karan Singh
ORD-000886,2026-01-26,CUS-0224,Diya Nair,Enterprise,India,Karnataka,Mysuru,South,Corporate Sales,FURN-202,Furniture,Desks,Oak Standing Desk,16,28300.62,5,452809.92,22640.50,430169.42,18718.43,299494.88,130674.54,Cash on Delivery,Shipped,Anjali Mehta
ORD-000982,2026-01-26,CUS-0298,Kabir Jain,Consumer,India,Karnataka,Bengaluru,South,Online Store,APPL-502,Appliances,Climate,PureAir Room Purifier,1,17380.30,10,17380.30,1738.03,15642.27,10527.16,10527.16,5115.11,UPI,Delivered,Ritu Sharma
ORD-000985,2026-01-26,CUS-0040,Aditi Kapoor,Enterprise,India,Karnataka,Mysuru,South,Corporate Sales,APPL-502,Appliances,Climate,PureAir Room Purifier,7,17476.54,0,122335.78,0.00,122335.78,10633.15,74432.05,47903.73,Bank Transfer,Delivered,Neil Gupta
ORD-001113,2026-01-27,CUS-0265,Rahul Agarwal,Consumer,India,Madhya Pradesh,Indore,Central,Marketplace,ELEC-101,Electronics,Laptops,ApexBook 14 Laptop,4,69455.09,10,277820.36,27782.04,250038.32,53090.26,212361.04,37677.28,Cash on Delivery,Delivered,Neil Gupta
ORD-000158,2026-01-28,CUS-0033,Diya Sharma,Small Business,India,Odisha,Bhubaneswar,East,Corporate Sales,ELEC-103,Electronics,Audio,Pulse Wireless Headphones,5,5977.34,10,29886.70,2988.67,26898.03,3276.89,16384.45,10513.58,UPI,Delivered,Anjali Mehta
ORD-000584,2026-01-29,CUS-0071,Priya Joshi,Consumer,India,Punjab,Chandigarh,North,Retail Store,FURN-202,Furniture,Desks,Oak Standing Desk,4,30568.67,15,122274.68,18341.20,103933.48,19153.84,76615.36,27318.12,Wallet,Delivered,Maya Shah
ORD-000184,2026-01-30,CUS-0231,Akash Patel,Consumer,India,Gujarat,Surat,West,Marketplace,SOFT-401,Software,Productivity,OfficeSuite Annual License,4,8226.72,0,32906.88,0.00,32906.88,2246.67,8986.68,23920.20,Cash on Delivery,Delivered,Maya Shah
ORD-000924,2026-01-30,CUS-0124,Rohan Sharma,Consumer,India,Madhya Pradesh,Indore,Central,Online Store,FURN-201,Furniture,Chairs,ErgoMesh Office Chair,6,13710.37,10,82262.22,8226.22,74036.00,8441.39,50648.34,23387.66,Debit Card,Delivered,Karan Singh
ORD-000894,2026-01-31,CUS-0127,Meera Jain,Consumer,India,Delhi,New Delhi,North,Corporate Sales,ELEC-102,Electronics,Smartphones,Nova X5 Smartphone,3,35153.35,15,105460.05,15819.01,89641.04,24154.96,72464.88,17176.16,UPI,Delivered,Karan Singh
ORD-000086,2026-02-01,CUS-0215,Priya Gupta,Consumer,India,Uttar Pradesh,Noida,North,Retail Store,ELEC-104,Electronics,Accessories,65W USB-C Charger,4,2604.10,0,10416.40,0.00,10416.40,1145.62,4582.48,5833.92,Cash on Delivery,Shipped,Neil Gupta
ORD-000177,2026-02-02,CUS-0132,Vikram Agarwal,Consumer,India,Rajasthan,Jaipur,North,Marketplace,OFFC-302,Office Supplies,Writing,Premium Pen Pack,1,497.50,10,497.50,49.75,447.75,210.10,210.10,237.65,Bank Transfer,Delivered,Neil Gupta
ORD-000204,2026-02-03,CUS-0235,Riya Iyer,Consumer,India,Uttar Pradesh,Noida,North,Marketplace,ELEC-102,Electronics,Smartphones,Nova X5 Smartphone,1,37088.75,15,37088.75,5563.31,31525.44,24690.41,24690.41,6835.03,Cash on Delivery,Delivered,Samar Joshi
ORD-000353,2026-02-03,CUS-0316,Aarav Iyer,Enterprise,India,Maharashtra,Pune,West,Corporate Sales,ELEC-103,Electronics,Audio,Pulse Wireless Headphones,3,5938.84,10,17816.52,1781.65,16034.87,3255.30,9765.90,6268.97,Wallet,Delivered,Maya Shah
ORD-000535,2026-02-03,CUS-0012,Kabir Singh,Enterprise,India,Gujarat,Ahmedabad,West,Online Store,ELEC-104,Electronics,Accessories,65W USB-C Charger,6,2384.32,10,14305.92,1430.59,12875.33,1190.60,7143.60,5731.73,Credit Card,Delivered,Ritu Sharma
ORD-000572,2026-02-05,CUS-0233,Akash Sharma,Consumer,India,Odisha,Bhubaneswar,East,Retail Store,ELEC-104,Electronics,Accessories,65W USB-C Charger,2,2439.94,10,4879.88,487.99,4391.89,1205.30,2410.60,1981.29,Cash on Delivery,Delivered,Neil Gupta
ORD-000935,2026-02-05,CUS-0012,Kabir Singh,Enterprise,India,Uttar Pradesh,Noida,North,Corporate Sales,ELEC-101,Electronics,Laptops,ApexBook 14 Laptop,19,75774.73,0,1439719.87,0.00,1439719.87,52862.57,1004388.83,435331.04,Bank Transfer,Delivered,Karan Singh
ORD-001049,2026-02-05,CUS-0119,Priya Desai,Consumer,India,West Bengal,Kolkata,East,Online Store,FURN-204,Furniture,Tables,Metro Conference Table,3,38738.53,5,116215.59,5810.78,110404.81,26277.21,78831.63,31573.18,UPI,Shipped,Neil Gupta
ORD-000335,2026-02-06,CUS-0158,Kabir Jain,Consumer,India,Odisha,Bhubaneswar,East,Corporate Sales,SOFT-403,Software,Design,DesignFlow Annual License,1,14263.15,0,14263.15,0.00,14263.15,4174.84,4174.84,10088.31,Credit Card,Delivered,Ritu Sharma
ORD-000678,2026-02-06,CUS-0039,Diya Mehta,Consumer,India,Madhya Pradesh,Indore,Central,Corporate Sales,ELEC-104,Electronics,Accessories,65W USB-C Charger,1,2510.09,20,2510.09,502.02,2008.07,1145.37,1145.37,862.70,Wallet,Delivered,Ritu Sharma
ORD-000963,2026-02-06,CUS-0281,Kabir Mehta,Consumer,India,Maharashtra,Mumbai,West,Retail Store,FURN-203,Furniture,Storage,Steel Filing Cabinet,5,9643.23,25,48216.15,12054.04,36162.11,5826.13,29130.65,7031.46,Wallet,Delivered,Ritu Sharma
ORD-000004,2026-02-07,CUS-0257,Diya Rao,Small Business,India,Karnataka,Bengaluru,South,Corporate Sales,OFFC-303,Office Supplies,Organization,Desktop Organizer,7,1364.10,15,9548.70,1432.31,8116.39,595.13,4165.91,3950.48,Bank Transfer,Delivered,Samar Joshi
ORD-000306,2026-02-07,CUS-0051,Riya Gupta,Consumer,India,West Bengal,Kolkata,East,Marketplace,ELEC-102,Electronics,Smartphones,Nova X5 Smartphone,7,34052.42,0,238366.94,0.00,238366.94,24413.43,170894.01,67472.93,UPI,Delivered,Samar Joshi
ORD-001229,2026-02-07,CUS-0301,Rohan Desai,Consumer,India,Gujarat,Ahmedabad,West,Marketplace,ELEC-102,Electronics,Smartphones,Nova X5 Smartphone,6,36990.17,0,221941.02,0.00,221941.02,24357.35,146144.10,75796.92,Wallet,Shipped,Samar Joshi
ORD-000501,2026-02-08,CUS-0200,Aisha Kapoor,Consumer,India,Telangana,Hyderabad,South,Corporate Sales,ELEC-103,Electronics,Audio,Pulse Wireless Headphones,2,5871.90,5,11743.80,587.19,11156.61,3221.16,6442.32,4714.29,Wallet,Delivered,Maya Shah
ORD-001105,2026-02-09,CUS-0281,Kabir Mehta,Consumer,India,Odisha,Bhubaneswar,East,Marketplace,FURN-204,Furniture,Tables,Metro Conference Table,1,41984.80,25,41984.80,10496.20,31488.60,27572.13,27572.13,3916.47,Debit Card,Delivered,Anjali Mehta
ORD-000063,2026-02-10,CUS-0109,Riya Iyer,Enterprise,India,Gujarat,Ahmedabad,West,Corporate Sales,FURN-204,Furniture,Tables,Metro Conference Table,6,38419.67,15,230518.02,34577.70,195940.32,26424.78,158548.68,37391.64,Bank Transfer,Delivered,Ira Nair
ORD-001099,2026-02-10,CUS-0182,Diya Patel,Consumer,India,Odisha,Bhubaneswar,East,Retail Store,OFFC-304,Office Supplies,Notebooks,Executive Notebook Set,4,880.60,0,3522.40,0.00,3522.40,394.45,1577.80,1944.60,Debit Card,Delivered,Ira Nair
ORD-000165,2026-02-11,CUS-0283,Arjun Mehta,Small Business,India,Odisha,Bhubaneswar,East,Retail Store,OFFC-303,Office Supplies,Organization,Desktop Organizer,3,1275.19,15,3825.57,573.84,3251.73,593.76,1781.28,1470.45,Credit Card,Delivered,Ritu Sharma
ORD-000013,2026-02-13,CUS-0153,Kavya Joshi,Consumer,India,Delhi,New Delhi,North,Marketplace,SOFT-402,Software,Security,SecurePro Endpoint License,2,4938.37,15,9876.74,1481.51,8395.23,1393.59,2787.18,5608.05,Cash on Delivery,Delivered,Anjali Mehta
ORD-000749,2026-02-13,CUS-0143,Aditi Singh,Consumer,India,Maharashtra,Mumbai,West,Corporate Sales,ELEC-105,Electronics,Monitors,Vision 27-inch Monitor,4,21571.89,5,86287.56,4314.38,81973.18,14819.92,59279.68,22693.50,Debit Card,Delivered,Maya Shah
ORD-001184,2026-02-14,CUS-0273,Aditi Jain,Small Business,India,Rajasthan,Jaipur,North,Corporate Sales,ELEC-102,Electronics,Smartphones,Nova X5 Smartphone,3,34724.27,0,104172.81,0.00,104172.81,25451.79,76355.37,27817.44,Cash on Delivery,Delivered,Ira Nair
ORD-000396,2026-02-15,CUS-0157,Kabir Kapoor,Consumer,India,Chhattisgarh,Raipur,Central,Corporate Sales,OFFC-304,Office Supplies,Notebooks,Executive Notebook Set,1,857.22,25,857.22,214.31,642.91,386.52,386.52,256.39,Wallet,Delivered,Neil Gupta
ORD-000950,2026-02-16,CUS-0206,Rohan Mehta,Small Business,India,Uttar Pradesh,Noida,North,Corporate Sales,FURN-203,Furniture,Storage,Steel Filing Cabinet,1,9744.44,15,9744.44,1461.67,8282.77,5590.06,5590.06,2692.71,Debit Card,Delivered,Dev Patel
ORD-001101,2026-02-16,CUS-0166,Ananya Mehta,Enterprise,India,Maharashtra,Mumbai,West,Corporate Sales,ELEC-105,Electronics,Monitors,Vision 27-inch Monitor,12,21377.50,10,256530.00,25653.00,230877.00,15136.12,181633.44,49243.56,UPI,Delivered,Dev Patel
ORD-000244,2026-02-18,CUS-0143,Aditi Singh,Consumer,India,Karnataka,Bengaluru,South,Online Store,ELEC-104,Electronics,Accessories,65W USB-C Charger,7,2365.80,0,16560.60,0.00,16560.60,1182.59,8278.13,8282.47,Bank Transfer,Shipped,Samar Joshi
ORD-000014,2026-02-20,CUS-0267,Neha Kapoor,Consumer,India,Maharashtra,Mumbai,West,Online Store,OFFC-301,Office Supplies,Paper,A4 Copy Paper Box,6,1976.05,10,11856.30,1185.63,10670.67,1101.53,6609.18,0.00,Cash on Delivery,Cancelled,Karan Singh
ORD-000107,2026-02-20,CUS-0009,Rahul Singh,Consumer,India,Punjab,Chandigarh,North,Retail Store,FURN-201,Furniture,Chairs,ErgoMesh Office Chair,1,14748.85,5,14748.85,737.44,14011.41,8421.84,8421.84,5589.57,Credit Card,Delivered,Anjali Mehta
ORD-000877,2026-02-20,CUS-0097,Aisha Rao,Enterprise,India,Odisha,Bhubaneswar,East,Corporate Sales,ELEC-101,Electronics,Laptops,ApexBook 14 Laptop,16,75026.64,10,1200426.24,120042.62,1080383.62,54932.22,878915.52,0.00,Wallet,Cancelled,Anjali Mehta
ORD-000052,2026-02-22,CUS-0193,Ananya Verma,Enterprise,India,Uttar Pradesh,Noida,North,Corporate Sales,ELEC-103,Electronics,Audio,Pulse Wireless Headphones,11,5821.92,0,64041.12,0.00,64041.12,3332.23,36654.53,27386.59,UPI,Delivered,Ritu Sharma
ORD-000438,2026-02-22,CUS-0279,Meera Nair,Enterprise,India,Gujarat,Surat,West,Corporate Sales,ELEC-105,Electronics,Monitors,Vision 27-inch Monitor,4,21170.67,5,84682.68,4234.13,80448.55,15000.66,60002.64,20445.91,Bank Transfer,Shipped,Dev Patel
ORD-001170,2026-02-22,CUS-0217,Meera Joshi,Consumer,India,Karnataka,Bengaluru,South,Retail Store,FURN-204,Furniture,Tables,Metro Conference Table,7,39508.86,0,276562.02,0.00,276562.02,27693.96,193857.72,82704.30,Debit Card,Delivered,Ira Nair
ORD-000281,2026-02-23,CUS-0195,Akash Rao,Consumer,India,Telangana,Hyderabad,South,Marketplace,APPL-501,Appliances,Kitchen,BrewMaster Coffee Machine,2,12083.11,5,24166.22,1208.31,22957.91,7118.04,14236.08,8721.83,Credit Card,Delivered,Neil Gupta
ORD-000871,2026-02-23,CUS-0229,Zoya Jain,Consumer,India,Telangana,Hyderabad,South,Online Store,FURN-201,Furniture,Chairs,ErgoMesh Office Chair,1,14631.78,0,14631.78,0.00,14631.78,8460.54,8460.54,6171.24,Debit Card,Processing,Dev Patel
ORD-000153,2026-02-24,CUS-0087,Riya Joshi,Small Business,India,Telangana,Hyderabad,South,Online Store,OFFC-304,Office Supplies,Notebooks,Executive Notebook Set,3,859.85,10,2579.55,257.96,2321.59,397.93,1193.79,1127.80,Cash on Delivery,Shipped,Samar Joshi
ORD-000682,2026-02-24,CUS-0155,Kabir Shah,Enterprise,India,Odisha,Bhubaneswar,East,Retail Store,ELEC-101,Electronics,Laptops,ApexBook 14 Laptop,7,71432.27,10,500025.89,50002.59,450023.30,53248.84,372741.88,77281.42,Credit Card,Returned,Anjali Mehta
ORD-000791,2026-02-24,CUS-0288,Aditi Singh,Consumer,India,Delhi,New Delhi,North,Retail Store,SOFT-403,Software,Design,DesignFlow Annual License,3,15703.51,0,47110.53,0.00,47110.53,4289.95,12869.85,34240.68,UPI,Delivered,Maya Shah
ORD-001094,2026-02-26,CUS-0283,Arjun Mehta,Small Business,India,Delhi,New Delhi,North,Marketplace,SOFT-402,Software,Security,SecurePro Endpoint License,2,5268.26,5,10536.52,526.83,10009.69,1383.92,2767.84,7241.85,Bank Transfer,Delivered,Maya Shah
ORD-000110,2026-02-27,CUS-0233,Akash Sharma,Consumer,India,Uttar Pradesh,Noida,North,Corporate Sales,FURN-204,Furniture,Tables,Metro Conference Table,3,37980.87,5,113942.61,5697.13,108245.48,26493.31,79479.93,28765.55,Credit Card,Delivered,Ritu Sharma
ORD-000266,2026-03-05,CUS-0121,Kabir Singh,Small Business,India,Telangana,Hyderabad,South,Retail Store,FURN-201,Furniture,Chairs,ErgoMesh Office Chair,4,14111.46,10,56445.84,5644.58,50801.26,8299.90,33199.60,17601.66,UPI,Delivered,Ritu Sharma
ORD-000504,2026-03-05,CUS-0172,Aisha Jain,Enterprise,India,Tamil Nadu,Chennai,South,Corporate Sales,SOFT-402,Software,Security,SecurePro Endpoint License,14,4807.63,0,67306.82,0.00,67306.82,1421.88,19906.32,0.00,Credit Card,Cancelled,Dev Patel
ORD-000874,2026-03-05,CUS-0294,Rahul Verma,Consumer,India,West Bengal,Kolkata,East,Marketplace,SOFT-401,Software,Productivity,OfficeSuite Annual License,6,8066.60,0,48399.60,0.00,48399.60,2135.59,12813.54,35586.06,UPI,Delivered,Neil Gupta
ORD-000424,2026-03-06,CUS-0169,Diya Desai,Enterprise,India,Odisha,Bhubaneswar,East,Retail Store,ELEC-104,Electronics,Accessories,65W USB-C Charger,4,2496.43,10,9985.72,998.57,8987.15,1155.48,4621.92,4365.23,UPI,Shipped,Ritu Sharma
ORD-000775,2026-03-06,CUS-0075,Ishaan Verma,Consumer,India,Telangana,Hyderabad,South,Online Store,OFFC-302,Office Supplies,Writing,Premium Pen Pack,2,511.65,15,1023.30,153.50,869.80,209.31,418.62,451.18,Wallet,Processing,Neil Gupta
ORD-000451,2026-03-07,CUS-0274,Neha Shah,Consumer,India,Karnataka,Mysuru,South,Marketplace,APPL-502,Appliances,Climate,PureAir Room Purifier,6,17865.16,15,107190.96,16078.64,91112.32,10254.76,61528.56,29583.76,Cash on Delivery,Delivered,Neil Gupta
ORD-000528,2026-03-07,CUS-0084,Riya Desai,Enterprise,India,Tamil Nadu,Chennai,South,Corporate Sales,APPL-502,Appliances,Climate,PureAir Room Purifier,5,17745.36,20,88726.80,17745.36,70981.44,10252.93,51264.65,19716.79,Bank Transfer,Returned,Ritu Sharma
ORD-000529,2026-03-07,CUS-0081,Aditi Joshi,Consumer,India,Tamil Nadu,Chennai,South,Marketplace,SOFT-402,Software,Security,SecurePro Endpoint License,4,5028.78,5,20115.12,1005.76,19109.36,1383.66,5534.64,13574.72,Wallet,Delivered,Karan Singh
ORD-000725,2026-03-07,CUS-0106,Riya Desai,Consumer,India,Gujarat,Surat,West,Marketplace,OFFC-302,Office Supplies,Writing,Premium Pen Pack,4,486.70,5,1946.80,97.34,1849.46,210.02,840.08,1009.38,UPI,Delivered,Maya Shah
ORD-000102,2026-03-08,CUS-0117,Ishaan Rao,Small Business,India,Telangana,Hyderabad,South,Corporate Sales,FURN-204,Furniture,Tables,Metro Conference Table,5,40162.86,5,200814.30,10040.72,190773.58,26783.61,133918.05,56855.53,Wallet,Delivered,Dev Patel
ORD-000324,2026-03-08,CUS-0070,Akash Patel,Consumer,India,Madhya Pradesh,Indore,Central,Retail Store,FURN-202,Furniture,Desks,Oak Standing Desk,5,29275.79,5,146378.95,7318.95,139060.00,19050.57,95252.85,43807.15,Bank Transfer,Delivered,Neil Gupta
ORD-000440,2026-03-08,CUS-0013,Riya Verma,Enterprise,India,Tamil Nadu,Chennai,South,Corporate Sales,OFFC-301,Office Supplies,Paper,A4 Copy Paper Box,9,1815.49,15,16339.41,2450.91,13888.50,1083.79,9754.11,4134.39,Cash on Delivery,Returned,Dev Patel
ORD-000277,2026-03-09,CUS-0284,Saanvi Iyer,Enterprise,India,Punjab,Chandigarh,North,Corporate Sales,OFFC-303,Office Supplies,Organization,Desktop Organizer,16,1251.59,5,20025.44,1001.27,19024.17,592.69,9483.04,9541.13,Wallet,Shipped,Anjali Mehta
ORD-000193,2026-03-10,CUS-0228,Neha Verma,Small Business,India,Punjab,Chandigarh,North,Retail Store,FURN-201,Furniture,Chairs,ErgoMesh Office Chair,1,14404.74,20,14404.74,2880.95,11523.79,8467.39,8467.39,3056.40,Bank Transfer,Delivered,Maya Shah
ORD-001079,2026-03-10,CUS-0229,Zoya Jain,Consumer,India,Gujarat,Surat,West,Retail Store,OFFC-303,Office Supplies,Organization,Desktop Organizer,4,1267.90,15,5071.60,760.74,4310.86,609.00,2436.00,0.00,Wallet,Cancelled,Neil Gupta
ORD-000421,2026-03-12,CUS-0160,Meera Rao,Small Business,India,Karnataka,Mysuru,South,Retail Store,ELEC-103,Electronics,Audio,Pulse Wireless Headphones,6,5977.78,20,35866.68,7173.34,28693.34,3257.40,19544.40,9148.94,Wallet,Delivered,Ritu Sharma
ORD-001224,2026-03-12,CUS-0024,Akash Shah,Consumer,India,Punjab,Chandigarh,North,Marketplace,SOFT-403,Software,Design,DesignFlow Annual License,6,15044.08,10,90264.48,9026.45,81238.03,4283.45,25700.70,55537.33,Cash on Delivery,Delivered,Dev Patel
ORD-000295,2026-03-14,CUS-0148,Ananya Mehta,Consumer,India,Chhattisgarh,Raipur,Central,Marketplace,OFFC-303,Office Supplies,Organization,Desktop Organizer,3,1283.97,15,3851.91,577.79,3274.12,605.93,1817.79,1456.33,Debit Card,Delivered,Karan Singh
ORD-000997,2026-03-15,CUS-0065,Vikram Kapoor,Consumer,India,Delhi,New Delhi,North,Marketplace,APPL-502,Appliances,Climate,PureAir Room Purifier,2,17641.41,5,35282.82,1764.14,33518.68,10335.44,20670.88,12847.80,Cash on Delivery,Delivered,Dev Patel
ORD-000491,2026-03-16,CUS-0013,Riya Verma,Enterprise,India,Punjab,Chandigarh,North,Corporate Sales,APPL-501,Appliances,Kitchen,BrewMaster Coffee Machine,3,11627.29,0,34881.87,0.00,34881.87,7086.52,21259.56,13622.31,Bank Transfer,Delivered,Anjali Mehta
ORD-000636,2026-03-16,CUS-0258,Aditi Gupta,Consumer,India,Odisha,Bhubaneswar,East,Retail Store,APPL-502,Appliances,Climate,PureAir Room Purifier,3,16142.53,5,48427.59,2421.38,46006.21,10187.62,30562.86,15443.35,Cash on Delivery,Shipped,Dev Patel
ORD-000275,2026-03-17,CUS-0193,Ananya Verma,Enterprise,India,Karnataka,Mysuru,South,Marketplace,OFFC-303,Office Supplies,Organization,Desktop Organizer,3,1337.52,0,4012.56,0.00,4012.56,623.69,1871.07,2141.49,UPI,Delivered,Samar Joshi
ORD-000609,2026-03-17,CUS-0127,Meera Jain,Consumer,India,Karnataka,Mysuru,South,Marketplace,FURN-203,Furniture,Storage,Steel Filing Cabinet,6,10023.10,10,60138.60,6013.86,54124.74,5558.01,33348.06,20776.68,Credit Card,Processing,Maya Shah
ORD-000447,2026-03-18,CUS-0009,Rahul Singh,Consumer,India,Maharashtra,Pune,West,Marketplace,ELEC-102,Electronics,Smartphones,Nova X5 Smartphone,1,35505.44,0,35505.44,0.00,35505.44,24760.50,24760.50,10744.94,UPI,Shipped,Ritu Sharma
ORD-000792,2026-03-20,CUS-0157,Kabir Kapoor,Consumer,India,Rajasthan,Jaipur,North,Retail Store,OFFC-304,Office Supplies,Notebooks,Executive Notebook Set,5,944.89,0,4724.45,0.00,4724.45,398.51,1992.55,2731.90,Credit Card,Delivered,Karan Singh
ORD-000311,2026-03-22,CUS-0208,Aarav Desai,Consumer,India,Chhattisgarh,Raipur,Central,Marketplace,OFFC-301,Office Supplies,Paper,A4 Copy Paper Box,6,1812.66,25,10875.96,2718.99,8156.97,1083.28,6499.68,1657.29,Debit Card,Delivered,Dev Patel
ORD-000564,2026-03-22,CUS-0109,Riya Iyer,Enterprise,India,Rajasthan,Jaipur,North,Corporate Sales,ELEC-101,Electronics,Laptops,ApexBook 14 Laptop,7,69644.60,10,487512.20,48751.22,438760.98,54034.09,378238.63,60522.35,Cash on Delivery,Delivered,Karan Singh
ORD-000433,2026-03-24,CUS-0242,Riya Patel,Small Business,India,Rajasthan,Jaipur,North,Corporate Sales,OFFC-303,Office Supplies,Organization,Desktop Organizer,5,1346.17,5,6730.85,336.54,6394.31,615.49,3077.45,3316.86,Debit Card,Delivered,Dev Patel
ORD-000196,2026-03-25,CUS-0070,Akash Patel,Consumer,India,West Bengal,Kolkata,East,Marketplace,ELEC-105,Electronics,Monitors,Vision 27-inch Monitor,1,20897.03,25,20897.03,5224.26,15672.77,15443.03,15443.03,229.74,UPI,Shipped,Ritu Sharma
ORD-000252,2026-03-25,CUS-0244,Aisha Mehta,Small Business,India,Tamil Nadu,Chennai,South,Retail Store,ELEC-102,Electronics,Smartphones,Nova X5 Smartphone,1,34363.15,5,34363.15,1718.16,32644.99,24274.59,24274.59,8370.40,Credit Card,Delivered,Ira Nair
ORD-000802,2026-03-25,CUS-0259,Kabir Rao,Enterprise,India,Odisha,Bhubaneswar,East,Online Store,OFFC-302,Office Supplies,Writing,Premium Pen Pack,6,500.25,5,3001.50,150.07,2851.43,211.28,1267.68,1583.75,Credit Card,Delivered,Dev Patel
ORD-000923,2026-03-26,CUS-0088,Ishaan Nair,Consumer,India,Tamil Nadu,Chennai,South,Online Store,ELEC-102,Electronics,Smartphones,Nova X5 Smartphone,3,33581.81,5,100745.43,5037.27,95708.16,24171.06,72513.18,23194.98,UPI,Delivered,Karan Singh
ORD-000037,2026-03-27,CUS-0282,Kabir Singh,Small Business,India,Tamil Nadu,Chennai,South,Online Store,FURN-204,Furniture,Tables,Metro Conference Table,3,38592.03,0,115776.09,0.00,115776.09,27659.54,82978.62,32797.47,Cash on Delivery,Delivered,Dev Patel
ORD-000588,2026-03-28,CUS-0249,Zoya Iyer,Consumer,India,Telangana,Hyderabad,South,Retail Store,ELEC-102,Electronics,Smartphones,Nova X5 Smartphone,5,33603.05,5,168015.25,8400.76,159614.49,24816.49,124082.45,35532.04,UPI,Delivered,Dev Patel
ORD-000673,2026-03-29,CUS-0298,Kabir Jain,Consumer,India,Maharashtra,Mumbai,West,Marketplace,SOFT-403,Software,Design,DesignFlow Annual License,5,15113.88,20,75569.40,15113.88,60455.52,4156.81,20784.05,39671.47,Bank Transfer,Delivered,Neil Gupta
ORD-000748,2026-03-30,CUS-0028,Rahul Jain,Consumer,India,Maharashtra,Pune,West,Retail Store,OFFC-301,Office Supplies,Paper,A4 Copy Paper Box,1,1834.39,0,1834.39,0.00,1834.39,1051.57,1051.57,782.82,UPI,Delivered,Dev Patel
ORD-001149,2026-03-31,CUS-0086,Priya Gupta,Consumer,India,Delhi,New Delhi,North,Corporate Sales,FURN-202,Furniture,Desks,Oak Standing Desk,1,28203.18,15,28203.18,4230.48,23972.70,18888.49,18888.49,5084.21,Bank Transfer,Delivered,Karan Singh
ORD-000634,2026-04-01,CUS-0175,Arjun Joshi,Small Business,India,Chhattisgarh,Raipur,Central,Retail Store,FURN-204,Furniture,Tables,Metro Conference Table,2,37680.31,0,75360.62,0.00,75360.62,26732.08,53464.16,21896.46,Bank Transfer,Delivered,Anjali Mehta
ORD-000930,2026-04-01,CUS-0281,Kabir Mehta,Consumer,India,Gujarat,Ahmedabad,West,Marketplace,SOFT-403,Software,Design,DesignFlow Annual License,3,14118.92,20,42356.76,8471.35,33885.41,4272.26,12816.78,21068.63,Debit Card,Delivered,Neil Gupta
ORD-000428,2026-04-02,CUS-0270,Kabir Mehta,Consumer,India,Karnataka,Bengaluru,South,Marketplace,FURN-201,Furniture,Chairs,ErgoMesh Office Chair,1,13850.15,0,13850.15,0.00,13850.15,8657.58,8657.58,5192.57,UPI,Delivered,Karan Singh
ORD-000606,2026-04-02,CUS-0293,Diya Mehta,Consumer,India,Delhi,New Delhi,North,Online Store,FURN-201,Furniture,Chairs,ErgoMesh Office Chair,5,14199.92,15,70999.60,10649.94,60349.66,8241.35,41206.75,19142.91,Wallet,Shipped,Samar Joshi
ORD-000901,2026-04-02,CUS-0114,Arjun Jain,Consumer,India,Maharashtra,Mumbai,West,Corporate Sales,APPL-501,Appliances,Kitchen,BrewMaster Coffee Machine,4,12582.26,20,50329.04,10065.81,40263.23,7084.21,28336.84,11926.39,UPI,Delivered,Samar Joshi
ORD-001109,2026-04-02,CUS-0195,Akash Rao,Consumer,India,Delhi,New Delhi,North,Corporate Sales,SOFT-402,Software,Security,SecurePro Endpoint License,5,5010.65,0,25053.25,0.00,25053.25,1398.89,6994.45,18058.80,Bank Transfer,Delivered,Maya Shah
ORD-000869,2026-04-03,CUS-0044,Kabir Kapoor,Consumer,India,Maharashtra,Pune,West,Online Store,APPL-502,Appliances,Climate,PureAir Room Purifier,5,18018.65,5,90093.25,4504.66,85588.59,10708.10,53540.50,32048.09,Cash on Delivery,Delivered,Ira Nair
ORD-000120,2026-04-04,CUS-0185,Arjun Verma,Enterprise,India,Madhya Pradesh,Indore,Central,Corporate Sales,OFFC-304,Office Supplies,Notebooks,Executive Notebook Set,18,885.02,15,15930.36,2389.55,13540.81,397.73,7159.14,6381.67,Credit Card,Delivered,Karan Singh
ORD-000342,2026-04-04,CUS-0254,Arjun Patel,Small Business,India,Odisha,Bhubaneswar,East,Corporate Sales,OFFC-304,Office Supplies,Notebooks,Executive Notebook Set,7,936.65,5,6556.55,327.83,6228.72,383.11,2681.77,3546.95,Bank Transfer,Delivered,Dev Patel
ORD-000798,2026-04-04,CUS-0220,Aditi Desai,Enterprise,India,Telangana,Hyderabad,South,Corporate Sales,FURN-203,Furniture,Storage,Steel Filing Cabinet,20,9900.35,5,198007.00,9900.35,188106.65,5651.30,113026.00,75080.65,Credit Card,Shipped,Neil Gupta
ORD-000610,2026-04-06,CUS-0242,Riya Patel,Small Business,India,Tamil Nadu,Chennai,South,Marketplace,APPL-502,Appliances,Climate,PureAir Room Purifier,7,16399.47,0,114796.29,0.00,114796.29,10168.10,71176.70,43619.59,UPI,Delivered,Ritu Sharma
ORD-000835,2026-04-07,CUS-0233,Akash Sharma,Consumer,India,Gujarat,Ahmedabad,West,Corporate Sales,ELEC-105,Electronics,Monitors,Vision 27-inch Monitor,1,23161.16,5,23161.16,1158.06,22003.10,15313.70,15313.70,6689.40,Cash on Delivery,Shipped,Anjali Mehta
ORD-000867,2026-04-07,CUS-0179,Ishaan Mehta,Consumer,India,Odisha,Bhubaneswar,East,Corporate Sales,OFFC-303,Office Supplies,Organization,Desktop Organizer,4,1310.61,15,5242.44,786.37,4456.07,607.06,2428.24,2027.83,Credit Card,Delivered,Ritu Sharma
ORD-001027,2026-04-08,CUS-0225,Kavya Patel,Small Business,India,Uttar Pradesh,Noida,North,Retail Store,FURN-204,Furniture,Tables,Metro Conference Table,3,38619.31,5,115857.93,5792.90,110065.03,26718.33,80154.99,29910.04,Debit Card,Delivered,Karan Singh
ORD-001045,2026-04-08,CUS-0191,Nikhil Joshi,Consumer,India,Chhattisgarh,Raipur,Central,Marketplace,SOFT-401,Software,Productivity,OfficeSuite Annual License,1,7969.91,5,7969.91,398.50,7571.41,2174.00,2174.00,5397.41,Credit Card,Processing,Karan Singh
ORD-000016,2026-04-09,CUS-0308,Kabir Jain,Small Business,India,Punjab,Chandigarh,North,Corporate Sales,OFFC-301,Office Supplies,Paper,A4 Copy Paper Box,5,2012.77,0,10063.85,0.00,10063.85,1065.45,5327.25,4736.60,Bank Transfer,Delivered,Anjali Mehta
ORD-000459,2026-04-09,CUS-0025,Nikhil Desai,Enterprise,India,Punjab,Chandigarh,North,Corporate Sales,APPL-502,Appliances,Climate,PureAir Room Purifier,4,16948.94,10,67795.76,6779.58,61016.18,10391.90,41567.60,19448.58,UPI,Delivered,Ira Nair
ORD-000691,2026-04-09,CUS-0013,Riya Verma,Enterprise,India,Delhi,New Delhi,North,Corporate Sales,ELEC-103,Electronics,Audio,Pulse Wireless Headphones,19,6040.04,0,114760.76,0.00,114760.76,3394.69,64499.11,50261.65,Debit Card,Delivered,Ritu Sharma
ORD-000304,2026-04-10,CUS-0228,Neha Verma,Small Business,India,Delhi,New Delhi,North,Corporate Sales,ELEC-105,Electronics,Monitors,Vision 27-inch Monitor,5,21763.01,0,108815.05,0.00,108815.05,15326.67,76633.35,0.00,Debit Card,Cancelled,Anjali Mehta
ORD-000721,2026-04-10,CUS-0015,Rahul Kapoor,Consumer,India,Tamil Nadu,Chennai,South,Online Store,APPL-501,Appliances,Kitchen,BrewMaster Coffee Machine,7,12154.54,0,85081.78,0.00,85081.78,7085.99,49601.93,35479.85,Credit Card,Shipped,Samar Joshi
ORD-000683,2026-04-11,CUS-0081,Aditi Joshi,Consumer,India,Odisha,Bhubaneswar,East,Marketplace,APPL-501,Appliances,Kitchen,BrewMaster Coffee Machine,4,12403.56,20,49614.24,9922.85,39691.39,7225.67,28902.68,10788.71,Bank Transfer,Delivered,Maya Shah
ORD-001187,2026-04-11,CUS-0113,Arjun Jain,Consumer,India,Gujarat,Surat,West,Retail Store,ELEC-104,Electronics,Accessories,65W USB-C Charger,4,2366.45,0,9465.80,0.00,9465.80,1204.38,4817.52,4648.28,UPI,Delivered,Dev Patel
ORD-001213,2026-04-11,CUS-0310,Diya Agarwal,Consumer,India,Odisha,Bhubaneswar,East,Corporate Sales,ELEC-103,Electronics,Audio,Pulse Wireless Headphones,6,5885.81,10,35314.86,3531.49,31783.37,3245.39,19472.34,12311.03,Credit Card,Processing,Neil Gupta
ORD-000127,2026-04-14,CUS-0013,Riya Verma,Enterprise,India,Rajasthan,Jaipur,North,Corporate Sales,SOFT-401,Software,Productivity,OfficeSuite Annual License,4,7704.62,10,30818.48,3081.85,27736.63,2170.26,8681.04,19055.59,Credit Card,Delivered,Karan Singh
ORD-000383,2026-04-14,CUS-0046,Meera Agarwal,Small Business,India,Gujarat,Ahmedabad,West,Online Store,OFFC-302,Office Supplies,Writing,Premium Pen Pack,1,501.36,5,501.36,25.07,476.29,210.27,210.27,266.02,Debit Card,Delivered,Karan Singh
ORD-000893,2026-04-14,CUS-0018,Rohan Nair,Consumer,India,Chhattisgarh,Raipur,Central,Corporate Sales,FURN-201,Furniture,Chairs,ErgoMesh Office Chair,7,13881.77,10,97172.39,9717.24,87455.15,8479.48,59356.36,28098.79,Wallet,Delivered,Ira Nair
ORD-000145,2026-04-15,CUS-0167,Priya Desai,Small Business,India,Gujarat,Surat,West,Marketplace,SOFT-403,Software,Design,DesignFlow Annual License,7,15171.61,20,106201.27,21240.25,84961.02,4121.90,28853.30,56107.72,Bank Transfer,Processing,Neil Gupta
ORD-000537,2026-04-15,CUS-0094,Arjun Singh,Small Business,India,Maharashtra,Mumbai,West,Retail Store,APPL-501,Appliances,Kitchen,BrewMaster Coffee Machine,5,11763.99,0,58819.95,0.00,58819.95,7501.01,37505.05,21314.90,Debit Card,Processing,Karan Singh
ORD-000315,2026-04-16,CUS-0257,Diya Rao,Small Business,India,Delhi,New Delhi,North,Online Store,ELEC-105,Electronics,Monitors,Vision 27-inch Monitor,1,21015.26,0,21015.26,0.00,21015.26,14648.39,14648.39,6366.87,UPI,Processing,Maya Shah
ORD-000262,2026-04-17,CUS-0218,Meera Mehta,Consumer,India,Punjab,Chandigarh,North,Corporate Sales,SOFT-402,Software,Security,SecurePro Endpoint License,6,5128.68,5,30772.08,1538.60,29233.48,1410.71,8464.26,20769.22,Bank Transfer,Delivered,Karan Singh
ORD-000125,2026-04-18,CUS-0013,Riya Verma,Enterprise,India,Telangana,Hyderabad,South,Online Store,FURN-201,Furniture,Chairs,ErgoMesh Office Chair,13,14387.60,25,187038.80,46759.70,140279.10,8398.08,109175.04,31104.06,UPI,Processing,Ritu Sharma
ORD-000078,2026-04-19,CUS-0237,Neha Rao,Consumer,India,Delhi,New Delhi,North,Retail Store,ELEC-103,Electronics,Audio,Pulse Wireless Headphones,7,5974.46,15,41821.22,6273.18,35548.04,3396.88,23778.16,11769.88,Cash on Delivery,Shipped,Anjali Mehta
ORD-000101,2026-04-20,CUS-0270,Kabir Mehta,Consumer,India,Uttar Pradesh,Noida,North,Online Store,FURN-203,Furniture,Storage,Steel Filing Cabinet,1,9229.88,10,9229.88,922.99,8306.89,5599.53,5599.53,2707.36,Wallet,Delivered,Maya Shah
ORD-000256,2026-04-22,CUS-0251,Rohan Desai,Small Business,India,Maharashtra,Mumbai,West,Retail Store,SOFT-403,Software,Design,DesignFlow Annual License,3,14575.07,10,43725.21,4372.52,39352.69,4160.87,12482.61,26870.08,Cash on Delivery,Delivered,Ritu Sharma
ORD-000401,2026-04-24,CUS-0067,Ananya Mehta,Consumer,India,Karnataka,Mysuru,South,Online Store,SOFT-402,Software,Security,SecurePro Endpoint License,2,5104.14,0,10208.28,0.00,10208.28,1406.95,2813.90,7394.38,Debit Card,Delivered,Maya Shah
ORD-000968,2026-04-25,CUS-0127,Meera Jain,Consumer,India,Madhya Pradesh,Indore,Central,Retail Store,OFFC-304,Office Supplies,Notebooks,Executive Notebook Set,7,930.58,5,6514.06,325.70,6188.36,393.65,2755.55,3432.81,Debit Card,Delivered,Neil Gupta
ORD-000419,2026-04-26,CUS-0146,Aisha Joshi,Enterprise,India,Delhi,New Delhi,North,Online Store,ELEC-105,Electronics,Monitors,Vision 27-inch Monitor,4,22122.12,20,88488.48,17697.70,70790.78,15018.34,60073.36,10717.42,Cash on Delivery,Delivered,Karan Singh
ORD-000489,2026-04-28,CUS-0077,Arjun Sharma,Small Business,India,Karnataka,Bengaluru,South,Corporate Sales,OFFC-303,Office Supplies,Organization,Desktop Organizer,7,1366.18,10,9563.26,956.33,8606.93,617.20,4320.40,4286.53,Cash on Delivery,Delivered,Ira Nair
ORD-000104,2026-04-30,CUS-0294,Rahul Verma,Consumer,India,Madhya Pradesh,Indore,Central,Online Store,OFFC-301,Office Supplies,Paper,A4 Copy Paper Box,6,1822.31,20,10933.86,2186.77,8747.09,1052.75,6316.50,2430.59,Cash on Delivery,Delivered,Ira Nair
ORD-000674,2026-05-01,CUS-0173,Priya Shah,Enterprise,India,Delhi,New Delhi,North,Corporate Sales,OFFC-304,Office Supplies,Notebooks,Executive Notebook Set,13,923.13,0,12000.69,0.00,12000.69,392.83,5106.79,6893.90,UPI,Processing,Samar Joshi
ORD-000271,2026-05-02,CUS-0152,Arjun Iyer,Consumer,India,Karnataka,Mysuru,South,Marketplace,ELEC-102,Electronics,Smartphones,Nova X5 Smartphone,1,35496.83,0,35496.83,0.00,35496.83,24458.38,24458.38,11038.45,Debit Card,Processing,Ritu Sharma
ORD-001002,2026-05-02,CUS-0278,Ishaan Gupta,Small Business,India,Delhi,New Delhi,North,Online Store,APPL-502,Appliances,Climate,PureAir Room Purifier,2,16095.05,0,32190.10,0.00,32190.10,10653.43,21306.86,10883.24,Debit Card,Delivered,Neil Gupta
ORD-000294,2026-05-03,CUS-0148,Ananya Mehta,Consumer,India,Delhi,New Delhi,North,Online Store,ELEC-105,Electronics,Monitors,Vision 27-inch Monitor,6,22385.10,15,134310.60,20146.59,114164.01,15426.43,92558.58,21605.43,Cash on Delivery,Delivered,Maya Shah
ORD-000043,2026-05-04,CUS-0285,Kabir Sharma,Small Business,India,Gujarat,Ahmedabad,West,Marketplace,ELEC-101,Electronics,Laptops,ApexBook 14 Laptop,1,76376.32,0,76376.32,0.00,76376.32,54733.02,54733.02,21643.30,UPI,Delivered,Dev Patel
ORD-001081,2026-05-04,CUS-0205,Nikhil Sharma,Small Business,India,Madhya Pradesh,Indore,Central,Corporate Sales,OFFC-304,Office Supplies,Notebooks,Executive Notebook Set,6,867.83,5,5206.98,260.35,4946.63,396.77,2380.62,2566.01,Cash on Delivery,Delivered,Dev Patel
ORD-000460,2026-05-05,CUS-0085,Riya Singh,Small Business,India,Madhya Pradesh,Indore,Central,Online Store,SOFT-401,Software,Productivity,OfficeSuite Annual License,5,7608.90,10,38044.50,3804.45,34240.05,2263.31,11316.55,22923.50,Credit Card,Returned,Ritu Sharma
ORD-000123,2026-05-06,CUS-0054,Riya Singh,Consumer,India,Punjab,Chandigarh,North,Marketplace,SOFT-402,Software,Security,SecurePro Endpoint License,3,4732.00,0,14196.00,0.00,14196.00,1386.85,4160.55,10035.45,Wallet,Delivered,Samar Joshi
ORD-000846,2026-05-07,CUS-0064,Kavya Verma,Consumer,India,Rajasthan,Jaipur,North,Online Store,OFFC-304,Office Supplies,Notebooks,Executive Notebook Set,5,943.06,5,4715.30,235.77,4479.53,388.27,1941.35,2538.18,Debit Card,Delivered,Anjali Mehta
ORD-000238,2026-05-08,CUS-0105,Saanvi Jain,Consumer,India,Telangana,Hyderabad,South,Corporate Sales,APPL-502,Appliances,Climate,PureAir Room Purifier,6,16636.93,10,99821.58,9982.16,89839.42,10695.25,64171.50,25667.92,Debit Card,Delivered,Neil Gupta
ORD-000213,2026-05-09,CUS-0183,Saanvi Sharma,Small Business,India,Maharashtra,Pune,West,Retail Store,OFFC-304,Office Supplies,Notebooks,Executive Notebook Set,3,922.91,5,2768.73,138.44,2630.29,393.41,1180.23,1450.06,Bank Transfer,Delivered,Neil Gupta
ORD-000119,2026-05-10,CUS-0112,Akash Singh,Consumer,India,Odisha,Bhubaneswar,East,Corporate Sales,ELEC-104,Electronics,Accessories,65W USB-C Charger,3,2538.09,0,7614.27,0.00,7614.27,1184.75,3554.25,4060.02,Cash on Delivery,Delivered,Samar Joshi
ORD-001154,2026-05-11,CUS-0249,Zoya Iyer,Consumer,India,Chhattisgarh,Raipur,Central,Corporate Sales,OFFC-301,Office Supplies,Paper,A4 Copy Paper Box,6,1842.33,5,11053.98,552.70,10501.28,1077.72,6466.32,4034.96,Credit Card,Delivered,Ira Nair
ORD-000936,2026-05-12,CUS-0040,Aditi Kapoor,Enterprise,India,Telangana,Hyderabad,South,Corporate Sales,FURN-202,Furniture,Desks,Oak Standing Desk,14,29329.20,10,410608.80,41060.88,369547.92,18742.28,262391.92,107156.00,Cash on Delivery,Delivered,Maya Shah
ORD-000794,2026-05-14,CUS-0311,Saanvi Singh,Small Business,India,Karnataka,Mysuru,South,Marketplace,APPL-501,Appliances,Kitchen,BrewMaster Coffee Machine,5,11590.39,15,57951.95,8692.79,49259.16,7389.13,36945.65,12313.51,Bank Transfer,Delivered,Dev Patel
ORD-000133,2026-05-17,CUS-0035,Rohan Singh,Enterprise,India,Odisha,Bhubaneswar,East,Online Store,ELEC-103,Electronics,Audio,Pulse Wireless Headphones,7,6336.06,25,44352.42,11088.11,33264.31,3386.83,23707.81,9556.50,Credit Card,Delivered,Dev Patel
ORD-000469,2026-05-18,CUS-0273,Aditi Jain,Small Business,India,Delhi,New Delhi,North,Corporate Sales,APPL-501,Appliances,Kitchen,BrewMaster Coffee Machine,3,11926.80,0,35780.40,0.00,35780.40,7190.14,21570.42,14209.98,Bank Transfer,Delivered,Dev Patel
ORD-000192,2026-05-19,CUS-0296,Vikram Gupta,Consumer,India,Tamil Nadu,Chennai,South,Retail Store,ELEC-105,Electronics,Monitors,Vision 27-inch Monitor,4,22524.47,15,90097.88,13514.68,76583.20,15094.73,60378.92,16204.28,Wallet,Delivered,Anjali Mehta
ORD-001065,2026-05-19,CUS-0178,Diya Kapoor,Small Business,India,Madhya Pradesh,Indore,Central,Online Store,SOFT-402,Software,Security,SecurePro Endpoint License,1,5034.27,10,5034.27,503.43,4530.84,1380.41,1380.41,0.00,Cash on Delivery,Cancelled,Karan Singh
ORD-001138,2026-05-22,CUS-0063,Zoya Agarwal,Enterprise,India,Delhi,New Delhi,North,Corporate Sales,ELEC-105,Electronics,Monitors,Vision 27-inch Monitor,10,21099.40,0,210994.00,0.00,210994.00,14953.25,149532.50,61461.50,Debit Card,Delivered,Ritu Sharma
ORD-000565,2026-05-23,CUS-0084,Riya Desai,Enterprise,India,Delhi,New Delhi,North,Corporate Sales,OFFC-301,Office Supplies,Paper,A4 Copy Paper Box,19,1797.60,5,34154.40,1707.72,32446.68,1096.56,20834.64,11612.04,Bank Transfer,Delivered,Ira Nair
ORD-000305,2026-05-25,CUS-0063,Zoya Agarwal,Enterprise,India,Karnataka,Mysuru,South,Corporate Sales,APPL-501,Appliances,Kitchen,BrewMaster Coffee Machine,9,12204.49,10,109840.41,10984.04,98856.37,7511.82,67606.38,31249.99,Debit Card,Delivered,Karan Singh
ORD-000493,2026-05-25,CUS-0053,Vikram Verma,Consumer,India,Madhya Pradesh,Indore,Central,Corporate Sales,SOFT-402,Software,Security,SecurePro Endpoint License,1,4823.97,10,4823.97,482.40,4341.57,1376.59,1376.59,2964.98,UPI,Delivered,Karan Singh
ORD-000965,2026-05-25,CUS-0272,Aditi Rao,Enterprise,India,Uttar Pradesh,Noida,North,Corporate Sales,OFFC-301,Office Supplies,Paper,A4 Copy Paper Box,15,2010.96,5,30164.40,1508.22,28656.18,1095.14,16427.10,12229.08,Bank Transfer,Returned,Neil Gupta
ORD-000370,2026-05-26,CUS-0231,Akash Patel,Consumer,India,Delhi,New Delhi,North,Marketplace,SOFT-403,Software,Design,DesignFlow Annual License,3,14120.13,5,42360.39,2118.02,40242.37,4162.29,12486.87,27755.50,UPI,Delivered,Maya Shah
ORD-000842,2026-05-26,CUS-0018,Rohan Nair,Consumer,India,Karnataka,Bengaluru,South,Retail Store,OFFC-303,Office Supplies,Organization,Desktop Organizer,6,1242.05,5,7452.30,372.62,7079.68,617.44,3704.64,3375.04,Debit Card,Processing,Ira Nair
ORD-000994,2026-05-27,CUS-0089,Kabir Iyer,Consumer,India,Maharashtra,Mumbai,West,Marketplace,OFFC-303,Office Supplies,Organization,Desktop Organizer,4,1246.20,0,4984.80,0.00,4984.80,600.87,2403.48,2581.32,Cash on Delivery,Processing,Karan Singh
ORD-000503,2026-05-28,CUS-0050,Nikhil Jain,Consumer,India,Gujarat,Ahmedabad,West,Corporate Sales,ELEC-103,Electronics,Audio,Pulse Wireless Headphones,3,5927.82,15,17783.46,2667.52,15115.94,3250.36,9751.08,5364.86,UPI,Delivered,Samar Joshi
ORD-000130,2026-05-29,CUS-0003,Saanvi Singh,Consumer,India,Telangana,Hyderabad,South,Online Store,ELEC-104,Electronics,Accessories,65W USB-C Charger,6,2463.46,10,14780.76,1478.08,13302.68,1140.43,6842.58,0.00,Debit Card,Cancelled,Ritu Sharma
ORD-000176,2026-05-29,CUS-0139,Rahul Mehta,Small Business,India,Karnataka,Bengaluru,South,Online Store,OFFC-304,Office Supplies,Notebooks,Executive Notebook Set,2,945.07,5,1890.14,94.51,1795.63,386.39,772.78,1022.85,Debit Card,Shipped,Ritu Sharma
ORD-000987,2026-05-29,CUS-0042,Aisha Iyer,Small Business,India,Maharashtra,Pune,West,Retail Store,ELEC-105,Electronics,Monitors,Vision 27-inch Monitor,4,23017.52,10,92070.08,9207.01,82863.07,15200.27,60801.08,22061.99,UPI,Delivered,Anjali Mehta
ORD-001108,2026-05-29,CUS-0025,Nikhil Desai,Enterprise,India,Karnataka,Mysuru,South,Corporate Sales,ELEC-101,Electronics,Laptops,ApexBook 14 Laptop,9,75597.74,15,680379.66,102056.95,578322.71,53269.81,479428.29,98894.42,UPI,Shipped,Maya Shah
ORD-000754,2026-05-31,CUS-0064,Kavya Verma,Consumer,India,Uttar Pradesh,Noida,North,Online Store,OFFC-304,Office Supplies,Notebooks,Executive Notebook Set,3,916.29,10,2748.87,274.89,2473.98,380.09,1140.27,1333.71,Cash on Delivery,Delivered,Maya Shah
ORD-001190,2026-06-02,CUS-0167,Priya Desai,Small Business,India,West Bengal,Kolkata,East,Corporate Sales,ELEC-105,Electronics,Monitors,Vision 27-inch Monitor,3,21944.67,10,65834.01,6583.40,59250.61,14857.44,44572.32,14678.29,Debit Card,Delivered,Anjali Mehta
ORD-000502,2026-06-03,CUS-0305,Neha Desai,Enterprise,India,Punjab,Chandigarh,North,Corporate Sales,SOFT-401,Software,Productivity,OfficeSuite Annual License,12,8317.19,20,99806.28,19961.26,79845.02,2194.01,26328.12,53516.90,Debit Card,Shipped,Anjali Mehta
ORD-001024,2026-06-03,CUS-0224,Diya Nair,Enterprise,India,Chhattisgarh,Raipur,Central,Corporate Sales,SOFT-401,Software,Productivity,OfficeSuite Annual License,17,8206.68,0,139513.56,0.00,139513.56,2225.11,37826.87,101686.69,Cash on Delivery,Delivered,Ritu Sharma
ORD-000331,2026-06-05,CUS-0241,Ishaan Jain,Small Business,India,Karnataka,Bengaluru,South,Online Store,FURN-202,Furniture,Desks,Oak Standing Desk,2,29205.79,0,58411.58,0.00,58411.58,18239.75,36479.50,21932.08,Credit Card,Delivered,Dev Patel
ORD-000393,2026-06-08,CUS-0312,Ananya Singh,Enterprise,India,Gujarat,Ahmedabad,West,Corporate Sales,SOFT-401,Software,Productivity,OfficeSuite Annual License,12,8352.45,10,100229.40,10022.94,90206.46,2157.40,25888.80,64317.66,Cash on Delivery,Delivered,Ira Nair
ORD-000091,2026-06-09,CUS-0300,Nikhil Singh,Consumer,India,Odisha,Bhubaneswar,East,Online Store,APPL-502,Appliances,Climate,PureAir Room Purifier,1,16906.47,0,16906.47,0.00,16906.47,10404.38,10404.38,0.00,Bank Transfer,Cancelled,Karan Singh
ORD-000693,2026-06-10,CUS-0079,Aditi Shah,Enterprise,India,Maharashtra,Pune,West,Corporate Sales,FURN-201,Furniture,Chairs,ErgoMesh Office Chair,14,13848.53,0,193879.42,0.00,193879.42,8207.83,114909.62,78969.80,Debit Card,Delivered,Dev Patel
ORD-000671,2026-06-11,CUS-0173,Priya Shah,Enterprise,India,Karnataka,Mysuru,South,Marketplace,OFFC-304,Office Supplies,Notebooks,Executive Notebook Set,3,902.42,10,2707.26,270.73,2436.53,384.07,1152.21,1284.32,Bank Transfer,Delivered,Ritu Sharma
ORD-001059,2026-06-11,CUS-0058,Rohan Mehta,Small Business,India,Telangana,Hyderabad,South,Retail Store,FURN-202,Furniture,Desks,Oak Standing Desk,4,28401.59,0,113606.36,0.00,113606.36,18588.54,74354.16,39252.20,Debit Card,Shipped,Dev Patel
ORD-000079,2026-06-12,CUS-0204,Aarav Shah,Consumer,India,Karnataka,Mysuru,South,Marketplace,ELEC-105,Electronics,Monitors,Vision 27-inch Monitor,4,21722.90,25,86891.60,21722.90,65168.70,15065.75,60263.00,4905.70,Bank Transfer,Delivered,Maya Shah
ORD-000569,2026-06-13,CUS-0100,Zoya Verma,Consumer,India,Telangana,Hyderabad,South,Retail Store,ELEC-103,Electronics,Audio,Pulse Wireless Headphones,5,5893.25,0,29466.25,0.00,29466.25,3367.24,16836.20,12630.05,Debit Card,Delivered,Anjali Mehta
ORD-000698,2026-06-13,CUS-0198,Nikhil Singh,Consumer,India,Karnataka,Bengaluru,South,Online Store,OFFC-301,Office Supplies,Paper,A4 Copy Paper Box,3,1865.57,20,5596.71,1119.34,4477.37,1052.11,3156.33,1321.04,Bank Transfer,Delivered,Anjali Mehta
ORD-001183,2026-06-15,CUS-0288,Aditi Singh,Consumer,India,Delhi,New Delhi,North,Online Store,FURN-202,Furniture,Desks,Oak Standing Desk,5,29127.01,0,145635.05,0.00,145635.05,19059.69,95298.45,50336.60,Bank Transfer,Delivered,Dev Patel
ORD-000217,2026-06-18,CUS-0185,Arjun Verma,Enterprise,India,Karnataka,Bengaluru,South,Corporate Sales,OFFC-304,Office Supplies,Notebooks,Executive Notebook Set,14,908.10,10,12713.40,1271.34,11442.06,387.05,5418.70,6023.36,Debit Card,Delivered,Dev Patel
ORD-000883,2026-06-18,CUS-0237,Neha Rao,Consumer,India,West Bengal,Kolkata,East,Online Store,APPL-501,Appliances,Kitchen,BrewMaster Coffee Machine,1,12161.66,0,12161.66,0.00,12161.66,7407.65,7407.65,4754.01,Credit Card,Delivered,Neil Gupta
ORD-000434,2026-06-20,CUS-0271,Ishaan Nair,Small Business,India,Karnataka,Mysuru,South,Corporate Sales,FURN-203,Furniture,Storage,Steel Filing Cabinet,2,9485.96,0,18971.92,0.00,18971.92,5689.02,11378.04,7593.88,Credit Card,Delivered,Anjali Mehta
ORD-001023,2026-06-20,CUS-0253,Kavya Rao,Small Business,India,Maharashtra,Mumbai,West,Online Store,OFFC-301,Office Supplies,Paper,A4 Copy Paper Box,6,1861.93,20,11171.58,2234.32,8937.26,1088.35,6530.10,2407.16,Wallet,Delivered,Ritu Sharma
ORD-000940,2026-06-21,CUS-0198,Nikhil Singh,Consumer,India,Telangana,Hyderabad,South,Online Store,OFFC-302,Office Supplies,Writing,Premium Pen Pack,1,502.58,10,502.58,50.26,452.32,208.19,208.19,244.13,Debit Card,Delivered,Neil Gupta
ORD-001143,2026-06-21,CUS-0206,Rohan Mehta,Small Business,India,Maharashtra,Mumbai,West,Marketplace,OFFC-303,Office Supplies,Organization,Desktop Organizer,6,1224.28,10,7345.68,734.57,6611.11,611.42,3668.52,2942.59,Bank Transfer,Delivered,Karan Singh
ORD-001000,2026-06-22,CUS-0185,Arjun Verma,Enterprise,India,Telangana,Hyderabad,South,Corporate Sales,FURN-203,Furniture,Storage,Steel Filing Cabinet,19,9736.77,0,184998.63,0.00,184998.63,5648.32,107318.08,77680.55,Bank Transfer,Delivered,Karan Singh
ORD-000065,2026-06-23,CUS-0288,Aditi Singh,Consumer,India,Delhi,New Delhi,North,Retail Store,ELEC-103,Electronics,Audio,Pulse Wireless Headphones,4,5743.88,10,22975.52,2297.55,20677.97,3276.22,13104.88,7573.09,Debit Card,Delivered,Dev Patel
ORD-001239,2026-06-23,CUS-0208,Aarav Desai,Consumer,India,Odisha,Bhubaneswar,East,Corporate Sales,FURN-201,Furniture,Chairs,ErgoMesh Office Chair,5,14551.24,15,72756.20,10913.43,61842.77,8464.25,42321.25,19521.52,Wallet,Delivered,Karan Singh
ORD-000087,2026-06-25,CUS-0024,Akash Shah,Consumer,India,Tamil Nadu,Chennai,South,Online Store,SOFT-401,Software,Productivity,OfficeSuite Annual License,3,8427.22,0,25281.66,0.00,25281.66,2206.07,6618.21,18663.45,Wallet,Delivered,Ira Nair
ORD-000589,2026-06-26,CUS-0055,Priya Gupta,Small Business,India,Gujarat,Ahmedabad,West,Marketplace,SOFT-402,Software,Security,SecurePro Endpoint License,4,4743.97,0,18975.88,0.00,18975.88,1386.78,5547.12,13428.76,Bank Transfer,Shipped,Dev Patel
ORD-000627,2026-06-26,CUS-0059,Zoya Nair,Consumer,India,Maharashtra,Mumbai,West,Corporate Sales,ELEC-101,Electronics,Laptops,ApexBook 14 Laptop,2,73684.62,10,147369.24,14736.92,132632.32,54046.44,108092.88,24539.44,Cash on Delivery,Delivered,Anjali Mehta
ORD-000653,2026-06-26,CUS-0060,Priya Kapoor,Consumer,India,Gujarat,Ahmedabad,West,Corporate Sales,FURN-203,Furniture,Storage,Steel Filing Cabinet,2,9447.90,5,18895.80,944.79,17951.01,5591.24,11182.48,6768.53,Credit Card,Delivered,Dev Patel
ORD-000651,2026-06-27,CUS-0074,Nikhil Rao,Consumer,India,Karnataka,Mysuru,South,Corporate Sales,OFFC-303,Office Supplies,Organization,Desktop Organizer,5,1301.69,5,6508.45,325.42,6183.03,608.33,3041.65,3141.38,UPI,Processing,Dev Patel
ORD-000598,2026-06-29,CUS-0226,Priya Jain,Consumer,India,Odisha,Bhubaneswar,East,Online Store,FURN-202,Furniture,Desks,Oak Standing Desk,6,29168.18,20,175009.08,35001.82,140007.26,19029.01,114174.06,25833.20,Debit Card,Delivered,Ritu Sharma
ORD-000992,2026-07-01,CUS-0298,Kabir Jain,Consumer,India,Karnataka,Bengaluru,South,Marketplace,FURN-203,Furniture,Storage,Steel Filing Cabinet,2,8960.14,0,17920.28,0.00,17920.28,5831.55,11663.10,6257.18,Debit Card,Delivered,Maya Shah
ORD-001064,2026-07-01,CUS-0226,Priya Jain,Consumer,India,Uttar Pradesh,Noida,North,Online Store,SOFT-403,Software,Design,DesignFlow Annual License,1,15541.85,25,15541.85,3885.46,11656.39,4195.11,4195.11,7461.28,UPI,Delivered,Maya Shah
ORD-001119,2026-07-03,CUS-0078,Aditi Sharma,Consumer,India,Maharashtra,Mumbai,West,Marketplace,OFFC-303,Office Supplies,Organization,Desktop Organizer,4,1240.80,5,4963.20,248.16,4715.04,619.66,2478.64,2236.40,Bank Transfer,Delivered,Ritu Sharma
ORD-001089,2026-07-07,CUS-0181,Aisha Iyer,Consumer,India,Odisha,Bhubaneswar,East,Corporate Sales,ELEC-101,Electronics,Laptops,ApexBook 14 Laptop,3,73201.70,5,219605.10,10980.26,208624.84,53188.66,159565.98,49058.86,Wallet,Shipped,Neil Gupta
ORD-000146,2026-07-08,CUS-0236,Akash Jain,Enterprise,India,Punjab,Chandigarh,North,Marketplace,ELEC-105,Electronics,Monitors,Vision 27-inch Monitor,19,21753.28,10,413312.32,41331.23,371981.09,15112.74,287142.06,84839.03,Debit Card,Delivered,Samar Joshi
ORD-000403,2026-07-09,CUS-0050,Nikhil Jain,Consumer,India,Karnataka,Bengaluru,South,Online Store,ELEC-105,Electronics,Monitors,Vision 27-inch Monitor,3,21871.17,5,65613.51,3280.68,62332.83,15208.60,45625.80,16707.03,Bank Transfer,Delivered,Neil Gupta
ORD-001232,2026-07-09,CUS-0146,Aisha Joshi,Enterprise,India,Gujarat,Ahmedabad,West,Corporate Sales,APPL-502,Appliances,Climate,PureAir Room Purifier,5,17925.80,5,89629.00,4481.45,85147.55,10103.24,50516.20,34631.35,UPI,Processing,Dev Patel
ORD-000072,2026-07-10,CUS-0299,Arjun Patel,Consumer,India,Punjab,Chandigarh,North,Online Store,OFFC-301,Office Supplies,Paper,A4 Copy Paper Box,7,1984.89,5,13894.23,694.71,13199.52,1078.82,7551.74,5647.78,Bank Transfer,Delivered,Maya Shah
ORD-000786,2026-07-10,CUS-0191,Nikhil Joshi,Consumer,India,Gujarat,Ahmedabad,West,Online Store,ELEC-104,Electronics,Accessories,65W USB-C Charger,3,2618.00,5,7854.00,392.70,7461.30,1200.09,3600.27,3861.03,UPI,Delivered,Ira Nair
ORD-000551,2026-07-12,CUS-0224,Diya Nair,Enterprise,India,Chhattisgarh,Raipur,Central,Corporate Sales,SOFT-401,Software,Productivity,OfficeSuite Annual License,17,8163.71,0,138783.07,0.00,138783.07,2170.11,36891.87,101891.20,Cash on Delivery,Delivered,Samar Joshi
ORD-001058,2026-07-12,CUS-0066,Meera Verma,Small Business,India,Chhattisgarh,Raipur,Central,Online Store,OFFC-301,Office Supplies,Paper,A4 Copy Paper Box,6,1898.92,10,11393.52,1139.35,10254.17,1074.02,6444.12,3810.05,Debit Card,Shipped,Anjali Mehta
ORD-000782,2026-07-13,CUS-0125,Ananya Jain,Consumer,India,Gujarat,Ahmedabad,West,Retail Store,FURN-203,Furniture,Storage,Steel Filing Cabinet,4,9632.55,10,38530.20,3853.02,34677.18,5857.06,23428.24,11248.94,Bank Transfer,Shipped,Anjali Mehta
ORD-001016,2026-07-13,CUS-0299,Arjun Patel,Consumer,India,Tamil Nadu,Chennai,South,Online Store,APPL-502,Appliances,Climate,PureAir Room Purifier,3,16726.55,5,50179.65,2508.98,47670.67,10299.70,30899.10,16771.57,Cash on Delivery,Delivered,Anjali Mehta
ORD-000521,2026-07-14,CUS-0055,Priya Gupta,Small Business,India,Karnataka,Bengaluru,South,Marketplace,APPL-501,Appliances,Kitchen,BrewMaster Coffee Machine,1,12604.72,5,12604.72,630.24,11974.48,7244.27,7244.27,0.00,Credit Card,Cancelled,Samar Joshi
ORD-000308,2026-07-17,CUS-0064,Kavya Verma,Consumer,India,West Bengal,Kolkata,East,Retail Store,ELEC-105,Electronics,Monitors,Vision 27-inch Monitor,5,20719.39,10,103596.95,10359.70,93237.25,15126.91,75634.55,17602.70,Debit Card,Delivered,Maya Shah
ORD-000689,2026-07-17,CUS-0177,Aditi Agarwal,Consumer,India,Rajasthan,Jaipur,North,Corporate Sales,ELEC-102,Electronics,Smartphones,Nova X5 Smartphone,7,33500.48,10,234503.36,23450.34,211053.02,24669.53,172686.71,38366.31,UPI,Delivered,Ira Nair
ORD-001084,2026-07-17,CUS-0129,Ananya Rao,Small Business,India,Gujarat,Surat,West,Corporate Sales,OFFC-302,Office Supplies,Writing,Premium Pen Pack,1,520.59,5,520.59,26.03,494.56,208.92,208.92,285.64,Credit Card,Delivered,Ritu Sharma
ORD-000283,2026-07-18,CUS-0291,Ishaan Nair,Consumer,India,Gujarat,Surat,West,Marketplace,SOFT-403,Software,Design,DesignFlow Annual License,1,15418.53,0,15418.53,0.00,15418.53,4176.37,4176.37,11242.16,Debit Card,Delivered,Dev Patel
ORD-000426,2026-07-18,CUS-0089,Kabir Iyer,Consumer,India,Madhya Pradesh,Indore,Central,Corporate Sales,APPL-502,Appliances,Climate,PureAir Room Purifier,4,16966.66,20,67866.64,13573.33,54293.31,10316.98,41267.92,13025.39,Wallet,Delivered,Neil Gupta
ORD-000616,2026-07-19,CUS-0129,Ananya Rao,Small Business,India,Karnataka,Bengaluru,South,Marketplace,ELEC-105,Electronics,Monitors,Vision 27-inch Monitor,5,23212.63,10,116063.15,11606.32,104456.83,15022.17,75110.85,29345.98,UPI,Delivered,Karan Singh
ORD-000866,2026-07-19,CUS-0144,Meera Nair,Consumer,India,West Bengal,Kolkata,East,Retail Store,ELEC-103,Electronics,Audio,Pulse Wireless Headphones,1,6257.89,5,6257.89,312.89,5945.00,3385.89,3385.89,0.00,Debit Card,Cancelled,Maya Shah
ORD-001234,2026-07-19,CUS-0169,Diya Desai,Enterprise,India,Tamil Nadu,Chennai,South,Corporate Sales,OFFC-302,Office Supplies,Writing,Premium Pen Pack,14,525.58,0,7358.12,0.00,7358.12,211.69,2963.66,4394.46,UPI,Delivered,Dev Patel
ORD-000735,2026-07-20,CUS-0122,Kavya Gupta,Small Business,India,Karnataka,Bengaluru,South,Corporate Sales,OFFC-303,Office Supplies,Organization,Desktop Organizer,3,1294.94,5,3884.82,194.24,3690.58,627.07,1881.21,1809.37,UPI,Delivered,Samar Joshi
ORD-000536,2026-07-21,CUS-0050,Nikhil Jain,Consumer,India,Odisha,Bhubaneswar,East,Corporate Sales,SOFT-403,Software,Design,DesignFlow Annual License,7,15364.68,10,107552.76,10755.28,96797.48,4101.29,28709.03,68088.45,Wallet,Delivered,Ira Nair
ORD-000547,2026-07-21,CUS-0250,Aisha Desai,Consumer,India,Odisha,Bhubaneswar,East,Online Store,ELEC-103,Electronics,Audio,Pulse Wireless Headphones,1,5658.90,5,5658.90,282.95,5375.95,3216.86,3216.86,2159.09,Bank Transfer,Delivered,Ritu Sharma
ORD-000482,2026-07-22,CUS-0247,Aarav Sharma,Consumer,India,Madhya Pradesh,Indore,Central,Retail Store,SOFT-402,Software,Security,SecurePro Endpoint License,7,4777.68,5,33443.76,1672.19,31771.57,1376.12,9632.84,0.00,Cash on Delivery,Cancelled,Dev Patel
ORD-000734,2026-07-22,CUS-0232,Akash Iyer,Consumer,India,Odisha,Bhubaneswar,East,Online Store,SOFT-403,Software,Design,DesignFlow Annual License,3,14945.75,15,44837.25,6725.59,38111.66,4313.63,12940.89,25170.77,Bank Transfer,Delivered,Karan Singh
ORD-001057,2026-07-22,CUS-0075,Ishaan Verma,Consumer,India,Maharashtra,Pune,West,Marketplace,FURN-203,Furniture,Storage,Steel Filing Cabinet,6,9444.99,0,56669.94,0.00,56669.94,5673.32,34039.92,22630.02,Wallet,Delivered,Neil Gupta
ORD-000237,2026-07-24,CUS-0182,Diya Patel,Consumer,India,Odisha,Bhubaneswar,East,Marketplace,SOFT-402,Software,Security,SecurePro Endpoint License,2,5141.89,5,10283.78,514.19,9769.59,1407.15,2814.30,6955.29,Credit Card,Delivered,Samar Joshi
ORD-000045,2026-07-26,CUS-0059,Zoya Nair,Consumer,India,Uttar Pradesh,Noida,North,Corporate Sales,APPL-502,Appliances,Climate,PureAir Room Purifier,3,17439.88,0,52319.64,0.00,52319.64,10505.72,31517.16,20802.48,Wallet,Delivered,Ira Nair
ORD-000116,2026-07-26,CUS-0211,Nikhil Desai,Consumer,India,Uttar Pradesh,Noida,North,Marketplace,ELEC-103,Electronics,Audio,Pulse Wireless Headphones,2,6145.93,0,12291.86,0.00,12291.86,3224.75,6449.50,5842.36,Credit Card,Delivered,Maya Shah
ORD-001092,2026-07-28,CUS-0140,Aditi Patel,Consumer,India,Maharashtra,Mumbai,West,Retail Store,ELEC-105,Electronics,Monitors,Vision 27-inch Monitor,2,22636.73,5,45273.46,2263.67,43009.79,15065.32,30130.64,12879.15,Debit Card,Delivered,Karan Singh
ORD-000149,2026-07-29,CUS-0008,Meera Jain,Enterprise,India,Chhattisgarh,Raipur,Central,Corporate Sales,FURN-203,Furniture,Storage,Steel Filing Cabinet,12,9576.28,0,114915.36,0.00,114915.36,5609.49,67313.88,47601.48,UPI,Delivered,Dev Patel
ORD-000356,2026-07-30,CUS-0102,Meera Sharma,Consumer,India,Gujarat,Ahmedabad,West,Retail Store,ELEC-101,Electronics,Laptops,ApexBook 14 Laptop,7,76273.02,5,533911.14,26695.56,507215.58,54965.36,384757.52,122458.06,Bank Transfer,Shipped,Karan Singh
ORD-001005,2026-07-30,CUS-0012,Kabir Singh,Enterprise,India,Chhattisgarh,Raipur,Central,Corporate Sales,SOFT-403,Software,Design,DesignFlow Annual License,17,14517.40,20,246795.80,49359.16,197436.64,4232.59,71954.03,125482.61,Cash on Delivery,Delivered,Neil Gupta
